symbol,market,asset_class,tradability,currency,timezone,source,source_symbol,yahoo_symbol,notes
SPY,US_ETF,ETF,LIKELY_TRADABLE_NEEDS_ACCOUNT_PERMISSION_CHECK,USD,America/New_York,moomoo_opend,US.SPY,SPY,"Seed candidate for validation; confirm account permission, liquidity, fees, and data availability before final use."
QQQ,US_ETF,ETF,LIKELY_TRADABLE_NEEDS_ACCOUNT_PERMISSION_CHECK,USD,America/New_York,moomoo_opend,US.QQQ,QQQ,"Seed candidate for validation; confirm account permission, liquidity, fees, and data availability before final use."
DIA,US_ETF,ETF,LIKELY_TRADABLE_NEEDS_ACCOUNT_PERMISSION_CHECK,USD,America/New_York,moomoo_opend,US.DIA,DIA,"Seed candidate for validation; confirm account permission, liquidity, fees, and data availability before final use."
IWM,US_ETF,ETF,LIKELY_TRADABLE_NEEDS_ACCOUNT_PERMISSION_CHECK,USD,America/New_York,moomoo_opend,US.IWM,IWM,"Seed candidate for validation; confirm account permission, liquidity, fees, and data availability before final use."
VTI,US_ETF,ETF,LIKELY_TRADABLE_NEEDS_ACCOUNT_PERMISSION_CHECK,USD,America/New_York,moomoo_opend,US.VTI,VTI,"Seed candidate for validation; confirm account permission, liquidity, fees, and data availability before final use."
VOO,US_ETF,ETF,LIKELY_TRADABLE_NEEDS_ACCOUNT_PERMISSION_CHECK,USD,America/New_York,moomoo_opend,US.VOO,VOO,"Seed candidate for validation; confirm account permission, liquidity, fees, and data availability before final use."
IVV,US_ETF,ETF,LIKELY_TRADABLE_NEEDS_ACCOUNT_PERMISSION_CHECK,USD,America/New_York,moomoo_opend,US.IVV,IVV,"Seed candidate for validation; confirm account permission, liquidity, fees, and data availability before final use."
RSP,US_ETF,ETF,LIKELY_TRADABLE_NEEDS_ACCOUNT_PERMISSION_CHECK,USD,America/New_York,moomoo_opend,US.RSP,RSP,"Seed candidate for validation; confirm account permission, liquidity, fees, and data availability before final use."
SCHD,US_ETF,ETF,LIKELY_TRADABLE_NEEDS_ACCOUNT_PERMISSION_CHECK,USD,America/New_York,moomoo_opend,US.SCHD,SCHD,"Seed candidate for validation; confirm account permission, liquidity, fees, and data availability before final use."
VIG,US_ETF,ETF,LIKELY_TRADABLE_NEEDS_ACCOUNT_PERMISSION_CHECK,USD,America/New_York,moomoo_opend,US.VIG,VIG,"Seed candidate for validation; confirm account permission, liquidity, fees, and data availability before final use."
VYM,US_ETF,ETF,LIKELY_TRADABLE_NEEDS_ACCOUNT_PERMISSION_CHECK,USD,America/New_York,moomoo_opend,US.VYM,VYM,"Seed candidate for validation; confirm account permission, liquidity, fees, and data availability before final use."
IWB,US_ETF,ETF,LIKELY_TRADABLE_NEEDS_ACCOUNT_PERMISSION_CHECK,USD,America/New_York,moomoo_opend,US.IWB,IWB,"Seed candidate for validation; confirm account permission, liquidity, fees, and data availability before final use."
IWF,US_ETF,ETF,LIKELY_TRADABLE_NEEDS_ACCOUNT_PERMISSION_CHECK,USD,America/New_York,moomoo_opend,US.IWF,IWF,"Seed candidate for validation; confirm account permission, liquidity, fees, and data availability before final use."
IWD,US_ETF,ETF,LIKELY_TRADABLE_NEEDS_ACCOUNT_PERMISSION_CHECK,USD,America/New_York,moomoo_opend,US.IWD,IWD,"Seed candidate for validation; confirm account permission, liquidity, fees, and data availability before final use."
IVE,US_ETF,ETF,LIKELY_TRADABLE_NEEDS_ACCOUNT_PERMISSION_CHECK,USD,America/New_York,moomoo_opend,US.IVE,IVE,"Seed candidate for validation; confirm account permission, liquidity, fees, and data availability before final use."
IVW,US_ETF,ETF,LIKELY_TRADABLE_NEEDS_ACCOUNT_PERMISSION_CHECK,USD,America/New_York,moomoo_opend,US.IVW,IVW,"Seed candidate for validation; confirm account permission, liquidity, fees, and data availability before final use."
MDY,US_ETF,ETF,LIKELY_TRADABLE_NEEDS_ACCOUNT_PERMISSION_CHECK,USD,America/New_York,moomoo_opend,US.MDY,MDY,"Seed candidate for validation; confirm account permission, liquidity, fees, and data availability before final use."
IJH,US_ETF,ETF,LIKELY_TRADABLE_NEEDS_ACCOUNT_PERMISSION_CHECK,USD,America/New_York,moomoo_opend,US.IJH,IJH,"Seed candidate for validation; confirm account permission, liquidity, fees, and data availability before final use."
IJR,US_ETF,ETF,LIKELY_TRADABLE_NEEDS_ACCOUNT_PERMISSION_CHECK,USD,America/New_York,moomoo_opend,US.IJR,IJR,"Seed candidate for validation; confirm account permission, liquidity, fees, and data availability before final use."
IJS,US_ETF,ETF,LIKELY_TRADABLE_NEEDS_ACCOUNT_PERMISSION_CHECK,USD,America/New_York,moomoo_opend,US.IJS,IJS,"Seed candidate for validation; confirm account permission, liquidity, fees, and data availability before final use."
EFA,US_ETF,ETF,LIKELY_TRADABLE_NEEDS_ACCOUNT_PERMISSION_CHECK,USD,America/New_York,moomoo_opend,US.EFA,EFA,"Seed candidate for validation; confirm account permission, liquidity, fees, and data availability before final use."
EEM,US_ETF,ETF,LIKELY_TRADABLE_NEEDS_ACCOUNT_PERMISSION_CHECK,USD,America/New_York,moomoo_opend,US.EEM,EEM,"Seed candidate for validation; confirm account permission, liquidity, fees, and data availability before final use."
VEA,US_ETF,ETF,LIKELY_TRADABLE_NEEDS_ACCOUNT_PERMISSION_CHECK,USD,America/New_York,moomoo_opend,US.VEA,VEA,"Seed candidate for validation; confirm account permission, liquidity, fees, and data availability before final use."
VWO,US_ETF,ETF,LIKELY_TRADABLE_NEEDS_ACCOUNT_PERMISSION_CHECK,USD,America/New_York,moomoo_opend,US.VWO,VWO,"Seed candidate for validation; confirm account permission, liquidity, fees, and data availability before final use."
ACWI,US_ETF,ETF,LIKELY_TRADABLE_NEEDS_ACCOUNT_PERMISSION_CHECK,USD,America/New_York,moomoo_opend,US.ACWI,ACWI,"Seed candidate for validation; confirm account permission, liquidity, fees, and data availability before final use."
VT,US_ETF,ETF,LIKELY_TRADABLE_NEEDS_ACCOUNT_PERMISSION_CHECK,USD,America/New_York,moomoo_opend,US.VT,VT,"Seed candidate for validation; confirm account permission, liquidity, fees, and data availability before final use."
IEFA,US_ETF,ETF,LIKELY_TRADABLE_NEEDS_ACCOUNT_PERMISSION_CHECK,USD,America/New_York,moomoo_opend,US.IEFA,IEFA,"Seed candidate for validation; confirm account permission, liquidity, fees, and data availability before final use."
IEMG,US_ETF,ETF,LIKELY_TRADABLE_NEEDS_ACCOUNT_PERMISSION_CHECK,USD,America/New_York,moomoo_opend,US.IEMG,IEMG,"Seed candidate for validation; confirm account permission, liquidity, fees, and data availability before final use."
HYG,US_ETF,BOND,LIKELY_TRADABLE_NEEDS_ACCOUNT_PERMISSION_CHECK,USD,America/New_York,moomoo_opend,US.HYG,HYG,"Seed candidate for validation; confirm account permission, liquidity, fees, and data availability before final use."
LQD,US_ETF,BOND,LIKELY_TRADABLE_NEEDS_ACCOUNT_PERMISSION_CHECK,USD,America/New_York,moomoo_opend,US.LQD,LQD,"Seed candidate for validation; confirm account permission, liquidity, fees, and data availability before final use."
TLT,US_ETF,BOND,LIKELY_TRADABLE_NEEDS_ACCOUNT_PERMISSION_CHECK,USD,America/New_York,moomoo_opend,US.TLT,TLT,"Seed candidate for validation; confirm account permission, liquidity, fees, and data availability before final use."
IEF,US_ETF,BOND,LIKELY_TRADABLE_NEEDS_ACCOUNT_PERMISSION_CHECK,USD,America/New_York,moomoo_opend,US.IEF,IEF,"Seed candidate for validation; confirm account permission, liquidity, fees, and data availability before final use."
SHY,US_ETF,BOND,LIKELY_TRADABLE_NEEDS_ACCOUNT_PERMISSION_CHECK,USD,America/New_York,moomoo_opend,US.SHY,SHY,"Seed candidate for validation; confirm account permission, liquidity, fees, and data availability before final use."
BIL,US_ETF,BOND,LIKELY_TRADABLE_NEEDS_ACCOUNT_PERMISSION_CHECK,USD,America/New_York,moomoo_opend,US.BIL,BIL,"Seed candidate for validation; confirm account permission, liquidity, fees, and data availability before final use."
TIP,US_ETF,BOND,LIKELY_TRADABLE_NEEDS_ACCOUNT_PERMISSION_CHECK,USD,America/New_York,moomoo_opend,US.TIP,TIP,"Seed candidate for validation; confirm account permission, liquidity, fees, and data availability before final use."
MUB,US_ETF,BOND,LIKELY_TRADABLE_NEEDS_ACCOUNT_PERMISSION_CHECK,USD,America/New_York,moomoo_opend,US.MUB,MUB,"Seed candidate for validation; confirm account permission, liquidity, fees, and data availability before final use."
BND,US_ETF,BOND,LIKELY_TRADABLE_NEEDS_ACCOUNT_PERMISSION_CHECK,USD,America/New_York,moomoo_opend,US.BND,BND,"Seed candidate for validation; confirm account permission, liquidity, fees, and data availability before final use."
AGG,US_ETF,BOND,LIKELY_TRADABLE_NEEDS_ACCOUNT_PERMISSION_CHECK,USD,America/New_York,moomoo_opend,US.AGG,AGG,"Seed candidate for validation; confirm account permission, liquidity, fees, and data availability before final use."
VCIT,US_ETF,BOND,LIKELY_TRADABLE_NEEDS_ACCOUNT_PERMISSION_CHECK,USD,America/New_York,moomoo_opend,US.VCIT,VCIT,"Seed candidate for validation; confirm account permission, liquidity, fees, and data availability before final use."
VCSH,US_ETF,BOND,LIKELY_TRADABLE_NEEDS_ACCOUNT_PERMISSION_CHECK,USD,America/New_York,moomoo_opend,US.VCSH,VCSH,"Seed candidate for validation; confirm account permission, liquidity, fees, and data availability before final use."
VNQ,US_ETF,ETF,LIKELY_TRADABLE_NEEDS_ACCOUNT_PERMISSION_CHECK,USD,America/New_York,moomoo_opend,US.VNQ,VNQ,"Seed candidate for validation; confirm account permission, liquidity, fees, and data availability before final use."
XLK,US_ETF,ETF,LIKELY_TRADABLE_NEEDS_ACCOUNT_PERMISSION_CHECK,USD,America/New_York,moomoo_opend,US.XLK,XLK,"Seed candidate for validation; confirm account permission, liquidity, fees, and data availability before final use."
XLF,US_ETF,ETF,LIKELY_TRADABLE_NEEDS_ACCOUNT_PERMISSION_CHECK,USD,America/New_York,moomoo_opend,US.XLF,XLF,"Seed candidate for validation; confirm account permission, liquidity, fees, and data availability before final use."
XLE,US_ETF,ETF,LIKELY_TRADABLE_NEEDS_ACCOUNT_PERMISSION_CHECK,USD,America/New_York,moomoo_opend,US.XLE,XLE,"Seed candidate for validation; confirm account permission, liquidity, fees, and data availability before final use."
XLV,US_ETF,ETF,LIKELY_TRADABLE_NEEDS_ACCOUNT_PERMISSION_CHECK,USD,America/New_York,moomoo_opend,US.XLV,XLV,"Seed candidate for validation; confirm account permission, liquidity, fees, and data availability before final use."
XLI,US_ETF,ETF,LIKELY_TRADABLE_NEEDS_ACCOUNT_PERMISSION_CHECK,USD,America/New_York,moomoo_opend,US.XLI,XLI,"Seed candidate for validation; confirm account permission, liquidity, fees, and data availability before final use."
XLY,US_ETF,ETF,LIKELY_TRADABLE_NEEDS_ACCOUNT_PERMISSION_CHECK,USD,America/New_York,moomoo_opend,US.XLY,XLY,"Seed candidate for validation; confirm account permission, liquidity, fees, and data availability before final use."
XLP,US_ETF,ETF,LIKELY_TRADABLE_NEEDS_ACCOUNT_PERMISSION_CHECK,USD,America/New_York,moomoo_opend,US.XLP,XLP,"Seed candidate for validation; confirm account permission, liquidity, fees, and data availability before final use."
XLU,US_ETF,ETF,LIKELY_TRADABLE_NEEDS_ACCOUNT_PERMISSION_CHECK,USD,America/New_York,moomoo_opend,US.XLU,XLU,"Seed candidate for validation; confirm account permission, liquidity, fees, and data availability before final use."
XLB,US_ETF,ETF,LIKELY_TRADABLE_NEEDS_ACCOUNT_PERMISSION_CHECK,USD,America/New_York,moomoo_opend,US.XLB,XLB,"Seed candidate for validation; confirm account permission, liquidity, fees, and data availability before final use."
XLRE,US_ETF,ETF,LIKELY_TRADABLE_NEEDS_ACCOUNT_PERMISSION_CHECK,USD,America/New_York,moomoo_opend,US.XLRE,XLRE,"Seed candidate for validation; confirm account permission, liquidity, fees, and data availability before final use."
XLC,US_ETF,ETF,LIKELY_TRADABLE_NEEDS_ACCOUNT_PERMISSION_CHECK,USD,America/New_York,moomoo_opend,US.XLC,XLC,"Seed candidate for validation; confirm account permission, liquidity, fees, and data availability before final use."
SMH,US_ETF,ETF,LIKELY_TRADABLE_NEEDS_ACCOUNT_PERMISSION_CHECK,USD,America/New_York,moomoo_opend,US.SMH,SMH,"Seed candidate for validation; confirm account permission, liquidity, fees, and data availability before final use."
SOXX,US_ETF,ETF,LIKELY_TRADABLE_NEEDS_ACCOUNT_PERMISSION_CHECK,USD,America/New_York,moomoo_opend,US.SOXX,SOXX,"Seed candidate for validation; confirm account permission, liquidity, fees, and data availability before final use."
XBI,US_ETF,ETF,LIKELY_TRADABLE_NEEDS_ACCOUNT_PERMISSION_CHECK,USD,America/New_York,moomoo_opend,US.XBI,XBI,"Seed candidate for validation; confirm account permission, liquidity, fees, and data availability before final use."
IBB,US_ETF,ETF,LIKELY_TRADABLE_NEEDS_ACCOUNT_PERMISSION_CHECK,USD,America/New_York,moomoo_opend,US.IBB,IBB,"Seed candidate for validation; confirm account permission, liquidity, fees, and data availability before final use."
ARKK,US_ETF,ETF,LIKELY_TRADABLE_NEEDS_ACCOUNT_PERMISSION_CHECK,USD,America/New_York,moomoo_opend,US.ARKK,ARKK,"Seed candidate for validation; confirm account permission, liquidity, fees, and data availability before final use."
BOTZ,US_ETF,ETF,LIKELY_TRADABLE_NEEDS_ACCOUNT_PERMISSION_CHECK,USD,America/New_York,moomoo_opend,US.BOTZ,BOTZ,"Seed candidate for validation; confirm account permission, liquidity, fees, and data availability before final use."
ROBO,US_ETF,ETF,LIKELY_TRADABLE_NEEDS_ACCOUNT_PERMISSION_CHECK,USD,America/New_York,moomoo_opend,US.ROBO,ROBO,"Seed candidate for validation; confirm account permission, liquidity, fees, and data availability before final use."
HACK,US_ETF,ETF,LIKELY_TRADABLE_NEEDS_ACCOUNT_PERMISSION_CHECK,USD,America/New_York,moomoo_opend,US.HACK,HACK,"Seed candidate for validation; confirm account permission, liquidity, fees, and data availability before final use."
ICLN,US_ETF,ETF,LIKELY_TRADABLE_NEEDS_ACCOUNT_PERMISSION_CHECK,USD,America/New_York,moomoo_opend,US.ICLN,ICLN,"Seed candidate for validation; confirm account permission, liquidity, fees, and data availability before final use."
TAN,US_ETF,ETF,LIKELY_TRADABLE_NEEDS_ACCOUNT_PERMISSION_CHECK,USD,America/New_York,moomoo_opend,US.TAN,TAN,"Seed candidate for validation; confirm account permission, liquidity, fees, and data availability before final use."
PBW,US_ETF,ETF,LIKELY_TRADABLE_NEEDS_ACCOUNT_PERMISSION_CHECK,USD,America/New_York,moomoo_opend,US.PBW,PBW,"Seed candidate for validation; confirm account permission, liquidity, fees, and data availability before final use."
XME,US_ETF,ETF,LIKELY_TRADABLE_NEEDS_ACCOUNT_PERMISSION_CHECK,USD,America/New_York,moomoo_opend,US.XME,XME,"Seed candidate for validation; confirm account permission, liquidity, fees, and data availability before final use."
GDX,US_ETF,COMMODITY,LIKELY_TRADABLE_NEEDS_ACCOUNT_PERMISSION_CHECK,USD,America/New_York,moomoo_opend,US.GDX,GDX,"Seed candidate for validation; confirm account permission, liquidity, fees, and data availability before final use."
GDXJ,US_ETF,COMMODITY,LIKELY_TRADABLE_NEEDS_ACCOUNT_PERMISSION_CHECK,USD,America/New_York,moomoo_opend,US.GDXJ,GDXJ,"Seed candidate for validation; confirm account permission, liquidity, fees, and data availability before final use."
SLV,US_ETF,COMMODITY,LIKELY_TRADABLE_NEEDS_ACCOUNT_PERMISSION_CHECK,USD,America/New_York,moomoo_opend,US.SLV,SLV,"Seed candidate for validation; confirm account permission, liquidity, fees, and data availability before final use."
GLD,US_ETF,COMMODITY,LIKELY_TRADABLE_NEEDS_ACCOUNT_PERMISSION_CHECK,USD,America/New_York,moomoo_opend,US.GLD,GLD,"Seed candidate for validation; confirm account permission, liquidity, fees, and data availability before final use."
IAU,US_ETF,COMMODITY,LIKELY_TRADABLE_NEEDS_ACCOUNT_PERMISSION_CHECK,USD,America/New_York,moomoo_opend,US.IAU,IAU,"Seed candidate for validation; confirm account permission, liquidity, fees, and data availability before final use."
USO,US_ETF,COMMODITY,LIKELY_TRADABLE_NEEDS_ACCOUNT_PERMISSION_CHECK,USD,America/New_York,moomoo_opend,US.USO,USO,"Seed candidate for validation; confirm account permission, liquidity, fees, and data availability before final use."
UNG,US_ETF,COMMODITY,LIKELY_TRADABLE_NEEDS_ACCOUNT_PERMISSION_CHECK,USD,America/New_York,moomoo_opend,US.UNG,UNG,"Seed candidate for validation; confirm account permission, liquidity, fees, and data availability before final use."
DBA,US_ETF,COMMODITY,LIKELY_TRADABLE_NEEDS_ACCOUNT_PERMISSION_CHECK,USD,America/New_York,moomoo_opend,US.DBA,DBA,"Seed candidate for validation; confirm account permission, liquidity, fees, and data availability before final use."
DBC,US_ETF,COMMODITY,LIKELY_TRADABLE_NEEDS_ACCOUNT_PERMISSION_CHECK,USD,America/New_York,moomoo_opend,US.DBC,DBC,"Seed candidate for validation; confirm account permission, liquidity, fees, and data availability before final use."
PDBC,US_ETF,COMMODITY,LIKELY_TRADABLE_NEEDS_ACCOUNT_PERMISSION_CHECK,USD,America/New_York,moomoo_opend,US.PDBC,PDBC,"Seed candidate for validation; confirm account permission, liquidity, fees, and data availability before final use."
UUP,US_ETF,FX,LIKELY_TRADABLE_NEEDS_ACCOUNT_PERMISSION_CHECK,USD,America/New_York,moomoo_opend,US.UUP,UUP,"Seed candidate for validation; confirm account permission, liquidity, fees, and data availability before final use."
FXE,US_ETF,FX,LIKELY_TRADABLE_NEEDS_ACCOUNT_PERMISSION_CHECK,USD,America/New_York,moomoo_opend,US.FXE,FXE,"Seed candidate for validation; confirm account permission, liquidity, fees, and data availability before final use."
FXY,US_ETF,FX,LIKELY_TRADABLE_NEEDS_ACCOUNT_PERMISSION_CHECK,USD,America/New_York,moomoo_opend,US.FXY,FXY,"Seed candidate for validation; confirm account permission, liquidity, fees, and data availability before final use."
FXI,US_ETF,ETF,LIKELY_TRADABLE_NEEDS_ACCOUNT_PERMISSION_CHECK,USD,America/New_York,moomoo_opend,US.FXI,FXI,"Seed candidate for validation; confirm account permission, liquidity, fees, and data availability before final use."
KWEB,US_ETF,ETF,LIKELY_TRADABLE_NEEDS_ACCOUNT_PERMISSION_CHECK,USD,America/New_York,moomoo_opend,US.KWEB,KWEB,"Seed candidate for validation; confirm account permission, liquidity, fees, and data availability before final use."
MCHI,US_ETF,ETF,LIKELY_TRADABLE_NEEDS_ACCOUNT_PERMISSION_CHECK,USD,America/New_York,moomoo_opend,US.MCHI,MCHI,"Seed candidate for validation; confirm account permission, liquidity, fees, and data availability before final use."
ASHR,US_ETF,ETF,LIKELY_TRADABLE_NEEDS_ACCOUNT_PERMISSION_CHECK,USD,America/New_York,moomoo_opend,US.ASHR,ASHR,"Seed candidate for validation; confirm account permission, liquidity, fees, and data availability before final use."
CQQQ,US_ETF,ETF,LIKELY_TRADABLE_NEEDS_ACCOUNT_PERMISSION_CHECK,USD,America/New_York,moomoo_opend,US.CQQQ,CQQQ,"Seed candidate for validation; confirm account permission, liquidity, fees, and data availability before final use."
AAPL,US_STOCK,STOCK,LIKELY_TRADABLE_NEEDS_ACCOUNT_PERMISSION_CHECK,USD,America/New_York,moomoo_opend,US.AAPL,AAPL,"Seed candidate for validation; confirm account permission, liquidity, fees, and data availability before final use."
MSFT,US_STOCK,STOCK,LIKELY_TRADABLE_NEEDS_ACCOUNT_PERMISSION_CHECK,USD,America/New_York,moomoo_opend,US.MSFT,MSFT,"Seed candidate for validation; confirm account permission, liquidity, fees, and data availability before final use."
NVDA,US_STOCK,STOCK,LIKELY_TRADABLE_NEEDS_ACCOUNT_PERMISSION_CHECK,USD,America/New_York,moomoo_opend,US.NVDA,NVDA,"Seed candidate for validation; confirm account permission, liquidity, fees, and data availability before final use."
AMZN,US_STOCK,STOCK,LIKELY_TRADABLE_NEEDS_ACCOUNT_PERMISSION_CHECK,USD,America/New_York,moomoo_opend,US.AMZN,AMZN,"Seed candidate for validation; confirm account permission, liquidity, fees, and data availability before final use."
META,US_STOCK,STOCK,LIKELY_TRADABLE_NEEDS_ACCOUNT_PERMISSION_CHECK,USD,America/New_York,moomoo_opend,US.META,META,"Seed candidate for validation; confirm account permission, liquidity, fees, and data availability before final use."
GOOGL,US_STOCK,STOCK,LIKELY_TRADABLE_NEEDS_ACCOUNT_PERMISSION_CHECK,USD,America/New_York,moomoo_opend,US.GOOGL,GOOGL,"Seed candidate for validation; confirm account permission, liquidity, fees, and data availability before final use."
GOOG,US_STOCK,STOCK,LIKELY_TRADABLE_NEEDS_ACCOUNT_PERMISSION_CHECK,USD,America/New_York,moomoo_opend,US.GOOG,GOOG,"Seed candidate for validation; confirm account permission, liquidity, fees, and data availability before final use."
TSLA,US_STOCK,STOCK,LIKELY_TRADABLE_NEEDS_ACCOUNT_PERMISSION_CHECK,USD,America/New_York,moomoo_opend,US.TSLA,TSLA,"Seed candidate for validation; confirm account permission, liquidity, fees, and data availability before final use."
BRK-B,US_STOCK,STOCK,LIKELY_TRADABLE_NEEDS_ACCOUNT_PERMISSION_CHECK,USD,America/New_York,moomoo_opend,US.BRK.B,BRK-B,"Seed candidate for validation; confirm account permission, liquidity, fees, and data availability before final use. Moomoo/OpenD class-share alias requires single-symbol probe before batch retry."
JPM,US_STOCK,STOCK,LIKELY_TRADABLE_NEEDS_ACCOUNT_PERMISSION_CHECK,USD,America/New_York,moomoo_opend,US.JPM,JPM,"Seed candidate for validation; confirm account permission, liquidity, fees, and data availability before final use."
V,US_STOCK,STOCK,LIKELY_TRADABLE_NEEDS_ACCOUNT_PERMISSION_CHECK,USD,America/New_York,moomoo_opend,US.V,V,"Seed candidate for validation; confirm account permission, liquidity, fees, and data availability before final use."
MA,US_STOCK,STOCK,LIKELY_TRADABLE_NEEDS_ACCOUNT_PERMISSION_CHECK,USD,America/New_York,moomoo_opend,US.MA,MA,"Seed candidate for validation; confirm account permission, liquidity, fees, and data availability before final use."
UNH,US_STOCK,STOCK,LIKELY_TRADABLE_NEEDS_ACCOUNT_PERMISSION_CHECK,USD,America/New_York,moomoo_opend,US.UNH,UNH,"Seed candidate for validation; confirm account permission, liquidity, fees, and data availability before final use."
HD,US_STOCK,STOCK,LIKELY_TRADABLE_NEEDS_ACCOUNT_PERMISSION_CHECK,USD,America/New_York,moomoo_opend,US.HD,HD,"Seed candidate for validation; confirm account permission, liquidity, fees, and data availability before final use."
PG,US_STOCK,STOCK,LIKELY_TRADABLE_NEEDS_ACCOUNT_PERMISSION_CHECK,USD,America/New_York,moomoo_opend,US.PG,PG,"Seed candidate for validation; confirm account permission, liquidity, fees, and data availability before final use."
COST,US_STOCK,STOCK,LIKELY_TRADABLE_NEEDS_ACCOUNT_PERMISSION_CHECK,USD,America/New_York,moomoo_opend,US.COST,COST,"Seed candidate for validation; confirm account permission, liquidity, fees, and data availability before final use."
NFLX,US_STOCK,STOCK,LIKELY_TRADABLE_NEEDS_ACCOUNT_PERMISSION_CHECK,USD,America/New_York,moomoo_opend,US.NFLX,NFLX,"Seed candidate for validation; confirm account permission, liquidity, fees, and data availability before final use."
ADBE,US_STOCK,STOCK,LIKELY_TRADABLE_NEEDS_ACCOUNT_PERMISSION_CHECK,USD,America/New_York,moomoo_opend,US.ADBE,ADBE,"Seed candidate for validation; confirm account permission, liquidity, fees, and data availability before final use."
CRM,US_STOCK,STOCK,LIKELY_TRADABLE_NEEDS_ACCOUNT_PERMISSION_CHECK,USD,America/New_York,moomoo_opend,US.CRM,CRM,"Seed candidate for validation; confirm account permission, liquidity, fees, and data availability before final use."
ORCL,US_STOCK,STOCK,LIKELY_TRADABLE_NEEDS_ACCOUNT_PERMISSION_CHECK,USD,America/New_York,moomoo_opend,US.ORCL,ORCL,"Seed candidate for validation; confirm account permission, liquidity, fees, and data availability before final use."
CSCO,US_STOCK,STOCK,LIKELY_TRADABLE_NEEDS_ACCOUNT_PERMISSION_CHECK,USD,America/New_York,moomoo_opend,US.CSCO,CSCO,"Seed candidate for validation; confirm account permission, liquidity, fees, and data availability before final use."
AVGO,US_STOCK,STOCK,LIKELY_TRADABLE_NEEDS_ACCOUNT_PERMISSION_CHECK,USD,America/New_York,moomoo_opend,US.AVGO,AVGO,"Seed candidate for validation; confirm account permission, liquidity, fees, and data availability before final use."
AMD,US_STOCK,STOCK,LIKELY_TRADABLE_NEEDS_ACCOUNT_PERMISSION_CHECK,USD,America/New_York,moomoo_opend,US.AMD,AMD,"Seed candidate for validation; confirm account permission, liquidity, fees, and data availability before final use."
INTC,US_STOCK,STOCK,LIKELY_TRADABLE_NEEDS_ACCOUNT_PERMISSION_CHECK,USD,America/New_York,moomoo_opend,US.INTC,INTC,"Seed candidate for validation; confirm account permission, liquidity, fees, and data availability before final use."
QCOM,US_STOCK,STOCK,LIKELY_TRADABLE_NEEDS_ACCOUNT_PERMISSION_CHECK,USD,America/New_York,moomoo_opend,US.QCOM,QCOM,"Seed candidate for validation; confirm account permission, liquidity, fees, and data availability before final use."
TXN,US_STOCK,STOCK,LIKELY_TRADABLE_NEEDS_ACCOUNT_PERMISSION_CHECK,USD,America/New_York,moomoo_opend,US.TXN,TXN,"Seed candidate for validation; confirm account permission, liquidity, fees, and data availability before final use."
AMAT,US_STOCK,STOCK,LIKELY_TRADABLE_NEEDS_ACCOUNT_PERMISSION_CHECK,USD,America/New_York,moomoo_opend,US.AMAT,AMAT,"Seed candidate for validation; confirm account permission, liquidity, fees, and data availability before final use."
MU,US_STOCK,STOCK,LIKELY_TRADABLE_NEEDS_ACCOUNT_PERMISSION_CHECK,USD,America/New_York,moomoo_opend,US.MU,MU,"Seed candidate for validation; confirm account permission, liquidity, fees, and data availability before final use."
IBM,US_STOCK,STOCK,LIKELY_TRADABLE_NEEDS_ACCOUNT_PERMISSION_CHECK,USD,America/New_York,moomoo_opend,US.IBM,IBM,"Seed candidate for validation; confirm account permission, liquidity, fees, and data availability before final use."
NOW,US_STOCK,STOCK,LIKELY_TRADABLE_NEEDS_ACCOUNT_PERMISSION_CHECK,USD,America/New_York,moomoo_opend,US.NOW,NOW,"Seed candidate for validation; confirm account permission, liquidity, fees, and data availability before final use."
PANW,US_STOCK,STOCK,LIKELY_TRADABLE_NEEDS_ACCOUNT_PERMISSION_CHECK,USD,America/New_York,moomoo_opend,US.PANW,PANW,"Seed candidate for validation; confirm account permission, liquidity, fees, and data availability before final use."
SHOP,US_STOCK,STOCK,LIKELY_TRADABLE_NEEDS_ACCOUNT_PERMISSION_CHECK,USD,America/New_York,moomoo_opend,US.SHOP,SHOP,"Seed candidate for validation; confirm account permission, liquidity, fees, and data availability before final use."
PLTR,US_STOCK,STOCK,LIKELY_TRADABLE_NEEDS_ACCOUNT_PERMISSION_CHECK,USD,America/New_York,moomoo_opend,US.PLTR,PLTR,"Seed candidate for validation; confirm account permission, liquidity, fees, and data availability before final use."
SNOW,US_STOCK,STOCK,LIKELY_TRADABLE_NEEDS_ACCOUNT_PERMISSION_CHECK,USD,America/New_York,moomoo_opend,US.SNOW,SNOW,"Seed candidate for validation; confirm account permission, liquidity, fees, and data availability before final use."
UBER,US_STOCK,STOCK,LIKELY_TRADABLE_NEEDS_ACCOUNT_PERMISSION_CHECK,USD,America/New_York,moomoo_opend,US.UBER,UBER,"Seed candidate for validation; confirm account permission, liquidity, fees, and data availability before final use."
ABNB,US_STOCK,STOCK,LIKELY_TRADABLE_NEEDS_ACCOUNT_PERMISSION_CHECK,USD,America/New_York,moomoo_opend,US.ABNB,ABNB,"Seed candidate for validation; confirm account permission, liquidity, fees, and data availability before final use."
BKNG,US_STOCK,STOCK,LIKELY_TRADABLE_NEEDS_ACCOUNT_PERMISSION_CHECK,USD,America/New_York,moomoo_opend,US.BKNG,BKNG,"Seed candidate for validation; confirm account permission, liquidity, fees, and data availability before final use."
DIS,US_STOCK,STOCK,LIKELY_TRADABLE_NEEDS_ACCOUNT_PERMISSION_CHECK,USD,America/New_York,moomoo_opend,US.DIS,DIS,"Seed candidate for validation; confirm account permission, liquidity, fees, and data availability before final use."
CMCSA,US_STOCK,STOCK,LIKELY_TRADABLE_NEEDS_ACCOUNT_PERMISSION_CHECK,USD,America/New_York,moomoo_opend,US.CMCSA,CMCSA,"Seed candidate for validation; confirm account permission, liquidity, fees, and data availability before final use."
PEP,US_STOCK,STOCK,LIKELY_TRADABLE_NEEDS_ACCOUNT_PERMISSION_CHECK,USD,America/New_York,moomoo_opend,US.PEP,PEP,"Seed candidate for validation; confirm account permission, liquidity, fees, and data availability before final use."
KO,US_STOCK,STOCK,LIKELY_TRADABLE_NEEDS_ACCOUNT_PERMISSION_CHECK,USD,America/New_York,moomoo_opend,US.KO,KO,"Seed candidate for validation; confirm account permission, liquidity, fees, and data availability before final use."
MCD,US_STOCK,STOCK,LIKELY_TRADABLE_NEEDS_ACCOUNT_PERMISSION_CHECK,USD,America/New_York,moomoo_opend,US.MCD,MCD,"Seed candidate for validation; confirm account permission, liquidity, fees, and data availability before final use."
NKE,US_STOCK,STOCK,LIKELY_TRADABLE_NEEDS_ACCOUNT_PERMISSION_CHECK,USD,America/New_York,moomoo_opend,US.NKE,NKE,"Seed candidate for validation; confirm account permission, liquidity, fees, and data availability before final use."
SBUX,US_STOCK,STOCK,LIKELY_TRADABLE_NEEDS_ACCOUNT_PERMISSION_CHECK,USD,America/New_York,moomoo_opend,US.SBUX,SBUX,"Seed candidate for validation; confirm account permission, liquidity, fees, and data availability before final use."
WMT,US_STOCK,STOCK,LIKELY_TRADABLE_NEEDS_ACCOUNT_PERMISSION_CHECK,USD,America/New_York,moomoo_opend,US.WMT,WMT,"Seed candidate for validation; confirm account permission, liquidity, fees, and data availability before final use."
TGT,US_STOCK,STOCK,LIKELY_TRADABLE_NEEDS_ACCOUNT_PERMISSION_CHECK,USD,America/New_York,moomoo_opend,US.TGT,TGT,"Seed candidate for validation; confirm account permission, liquidity, fees, and data availability before final use."
LOW,US_STOCK,STOCK,LIKELY_TRADABLE_NEEDS_ACCOUNT_PERMISSION_CHECK,USD,America/New_York,moomoo_opend,US.LOW,LOW,"Seed candidate for validation; confirm account permission, liquidity, fees, and data availability before final use."
CAT,US_STOCK,STOCK,LIKELY_TRADABLE_NEEDS_ACCOUNT_PERMISSION_CHECK,USD,America/New_York,moomoo_opend,US.CAT,CAT,"Seed candidate for validation; confirm account permission, liquidity, fees, and data availability before final use."
DE,US_STOCK,STOCK,LIKELY_TRADABLE_NEEDS_ACCOUNT_PERMISSION_CHECK,USD,America/New_York,moomoo_opend,US.DE,DE,"Seed candidate for validation; confirm account permission, liquidity, fees, and data availability before final use."
BA,US_STOCK,STOCK,LIKELY_TRADABLE_NEEDS_ACCOUNT_PERMISSION_CHECK,USD,America/New_York,moomoo_opend,US.BA,BA,"Seed candidate for validation; confirm account permission, liquidity, fees, and data availability before final use."
GE,US_STOCK,STOCK,LIKELY_TRADABLE_NEEDS_ACCOUNT_PERMISSION_CHECK,USD,America/New_York,moomoo_opend,US.GE,GE,"Seed candidate for validation; confirm account permission, liquidity, fees, and data availability before final use."
RTX,US_STOCK,STOCK,LIKELY_TRADABLE_NEEDS_ACCOUNT_PERMISSION_CHECK,USD,America/New_York,moomoo_opend,US.RTX,RTX,"Seed candidate for validation; confirm account permission, liquidity, fees, and data availability before final use."
LMT,US_STOCK,STOCK,LIKELY_TRADABLE_NEEDS_ACCOUNT_PERMISSION_CHECK,USD,America/New_York,moomoo_opend,US.LMT,LMT,"Seed candidate for validation; confirm account permission, liquidity, fees, and data availability before final use."
XOM,US_STOCK,STOCK,LIKELY_TRADABLE_NEEDS_ACCOUNT_PERMISSION_CHECK,USD,America/New_York,moomoo_opend,US.XOM,XOM,"Seed candidate for validation; confirm account permission, liquidity, fees, and data availability before final use."
CVX,US_STOCK,STOCK,LIKELY_TRADABLE_NEEDS_ACCOUNT_PERMISSION_CHECK,USD,America/New_York,moomoo_opend,US.CVX,CVX,"Seed candidate for validation; confirm account permission, liquidity, fees, and data availability before final use."
COP,US_STOCK,STOCK,LIKELY_TRADABLE_NEEDS_ACCOUNT_PERMISSION_CHECK,USD,America/New_York,moomoo_opend,US.COP,COP,"Seed candidate for validation; confirm account permission, liquidity, fees, and data availability before final use."
SLB,US_STOCK,STOCK,LIKELY_TRADABLE_NEEDS_ACCOUNT_PERMISSION_CHECK,USD,America/New_York,moomoo_opend,US.SLB,SLB,"Seed candidate for validation; confirm account permission, liquidity, fees, and data availability before final use."
NEE,US_STOCK,STOCK,LIKELY_TRADABLE_NEEDS_ACCOUNT_PERMISSION_CHECK,USD,America/New_York,moomoo_opend,US.NEE,NEE,"Seed candidate for validation; confirm account permission, liquidity, fees, and data availability before final use."
ENPH,US_STOCK,STOCK,LIKELY_TRADABLE_NEEDS_ACCOUNT_PERMISSION_CHECK,USD,America/New_York,moomoo_opend,US.ENPH,ENPH,"Seed candidate for validation; confirm account permission, liquidity, fees, and data availability before final use."
FSLR,US_STOCK,STOCK,LIKELY_TRADABLE_NEEDS_ACCOUNT_PERMISSION_CHECK,USD,America/New_York,moomoo_opend,US.FSLR,FSLR,"Seed candidate for validation; confirm account permission, liquidity, fees, and data availability before final use."
BAC,US_STOCK,STOCK,LIKELY_TRADABLE_NEEDS_ACCOUNT_PERMISSION_CHECK,USD,America/New_York,moomoo_opend,US.BAC,BAC,"Seed candidate for validation; confirm account permission, liquidity, fees, and data availability before final use."
GS,US_STOCK,STOCK,LIKELY_TRADABLE_NEEDS_ACCOUNT_PERMISSION_CHECK,USD,America/New_York,moomoo_opend,US.GS,GS,"Seed candidate for validation; confirm account permission, liquidity, fees, and data availability before final use."
MS,US_STOCK,STOCK,LIKELY_TRADABLE_NEEDS_ACCOUNT_PERMISSION_CHECK,USD,America/New_York,moomoo_opend,US.MS,MS,"Seed candidate for validation; confirm account permission, liquidity, fees, and data availability before final use."
C,US_STOCK,STOCK,LIKELY_TRADABLE_NEEDS_ACCOUNT_PERMISSION_CHECK,USD,America/New_York,moomoo_opend,US.C,C,"Seed candidate for validation; confirm account permission, liquidity, fees, and data availability before final use."
WFC,US_STOCK,STOCK,LIKELY_TRADABLE_NEEDS_ACCOUNT_PERMISSION_CHECK,USD,America/New_York,moomoo_opend,US.WFC,WFC,"Seed candidate for validation; confirm account permission, liquidity, fees, and data availability before final use."
SCHW,US_STOCK,STOCK,LIKELY_TRADABLE_NEEDS_ACCOUNT_PERMISSION_CHECK,USD,America/New_York,moomoo_opend,US.SCHW,SCHW,"Seed candidate for validation; confirm account permission, liquidity, fees, and data availability before final use."
PYPL,US_STOCK,STOCK,LIKELY_TRADABLE_NEEDS_ACCOUNT_PERMISSION_CHECK,USD,America/New_York,moomoo_opend,US.PYPL,PYPL,"Seed candidate for validation; confirm account permission, liquidity, fees, and data availability before final use."
SQ,US_STOCK,STOCK,LIKELY_TRADABLE_NEEDS_ACCOUNT_PERMISSION_CHECK,USD,America/New_York,moomoo_opend,US.SQ,SQ,"Seed candidate for validation; confirm account permission, liquidity, fees, and data availability before final use."
COIN,US_STOCK,STOCK,LIKELY_TRADABLE_NEEDS_ACCOUNT_PERMISSION_CHECK,USD,America/New_York,moomoo_opend,US.COIN,COIN,"Seed candidate for validation; confirm account permission, liquidity, fees, and data availability before final use."
0700.HK,HK,STOCK,LIKELY_TRADABLE_NEEDS_ACCOUNT_PERMISSION_CHECK,HKD,Asia/Hong_Kong,moomoo_opend,HK.0700,0700.HK,"Seed candidate for validation; confirm account permission, liquidity, fees, and data availability before final use."
9988.HK,HK,STOCK,LIKELY_TRADABLE_NEEDS_ACCOUNT_PERMISSION_CHECK,HKD,Asia/Hong_Kong,moomoo_opend,HK.9988,9988.HK,"Seed candidate for validation; confirm account permission, liquidity, fees, and data availability before final use."
3690.HK,HK,STOCK,LIKELY_TRADABLE_NEEDS_ACCOUNT_PERMISSION_CHECK,HKD,Asia/Hong_Kong,moomoo_opend,HK.3690,3690.HK,"Seed candidate for validation; confirm account permission, liquidity, fees, and data availability before final use."
9618.HK,HK,STOCK,LIKELY_TRADABLE_NEEDS_ACCOUNT_PERMISSION_CHECK,HKD,Asia/Hong_Kong,moomoo_opend,HK.9618,9618.HK,"Seed candidate for validation; confirm account permission, liquidity, fees, and data availability before final use."
1810.HK,HK,STOCK,LIKELY_TRADABLE_NEEDS_ACCOUNT_PERMISSION_CHECK,HKD,Asia/Hong_Kong,moomoo_opend,HK.1810,1810.HK,"Seed candidate for validation; confirm account permission, liquidity, fees, and data availability before final use."
9999.HK,HK,STOCK,LIKELY_TRADABLE_NEEDS_ACCOUNT_PERMISSION_CHECK,HKD,Asia/Hong_Kong,moomoo_opend,HK.9999,9999.HK,"Seed candidate for validation; confirm account permission, liquidity, fees, and data availability before final use."
1024.HK,HK,STOCK,LIKELY_TRADABLE_NEEDS_ACCOUNT_PERMISSION_CHECK,HKD,Asia/Hong_Kong,moomoo_opend,HK.1024,1024.HK,"Seed candidate for validation; confirm account permission, liquidity, fees, and data availability before final use."
1299.HK,HK,STOCK,LIKELY_TRADABLE_NEEDS_ACCOUNT_PERMISSION_CHECK,HKD,Asia/Hong_Kong,moomoo_opend,HK.1299,1299.HK,"Seed candidate for validation; confirm account permission, liquidity, fees, and data availability before final use."
2318.HK,HK,STOCK,LIKELY_TRADABLE_NEEDS_ACCOUNT_PERMISSION_CHECK,HKD,Asia/Hong_Kong,moomoo_opend,HK.2318,2318.HK,"Seed candidate for validation; confirm account permission, liquidity, fees, and data availability before final use."
0939.HK,HK,STOCK,LIKELY_TRADABLE_NEEDS_ACCOUNT_PERMISSION_CHECK,HKD,Asia/Hong_Kong,moomoo_opend,HK.0939,0939.HK,"Seed candidate for validation; confirm account permission, liquidity, fees, and data availability before final use."
1398.HK,HK,STOCK,LIKELY_TRADABLE_NEEDS_ACCOUNT_PERMISSION_CHECK,HKD,Asia/Hong_Kong,moomoo_opend,HK.1398,1398.HK,"Seed candidate for validation; confirm account permission, liquidity, fees, and data availability before final use."
3988.HK,HK,STOCK,LIKELY_TRADABLE_NEEDS_ACCOUNT_PERMISSION_CHECK,HKD,Asia/Hong_Kong,moomoo_opend,HK.3988,3988.HK,"Seed candidate for validation; confirm account permission, liquidity, fees, and data availability before final use."
0005.HK,HK,STOCK,LIKELY_TRADABLE_NEEDS_ACCOUNT_PERMISSION_CHECK,HKD,Asia/Hong_Kong,moomoo_opend,HK.0005,0005.HK,"Seed candidate for validation; confirm account permission, liquidity, fees, and data availability before final use."
0388.HK,HK,STOCK,LIKELY_TRADABLE_NEEDS_ACCOUNT_PERMISSION_CHECK,HKD,Asia/Hong_Kong,moomoo_opend,HK.0388,0388.HK,"Seed candidate for validation; confirm account permission, liquidity, fees, and data availability before final use."
0883.HK,HK,STOCK,LIKELY_TRADABLE_NEEDS_ACCOUNT_PERMISSION_CHECK,HKD,Asia/Hong_Kong,moomoo_opend,HK.0883,0883.HK,"Seed candidate for validation; confirm account permission, liquidity, fees, and data availability before final use."
0857.HK,HK,STOCK,LIKELY_TRADABLE_NEEDS_ACCOUNT_PERMISSION_CHECK,HKD,Asia/Hong_Kong,moomoo_opend,HK.0857,0857.HK,"Seed candidate for validation; confirm account permission, liquidity, fees, and data availability before final use."
0941.HK,HK,STOCK,LIKELY_TRADABLE_NEEDS_ACCOUNT_PERMISSION_CHECK,HKD,Asia/Hong_Kong,moomoo_opend,HK.0941,0941.HK,"Seed candidate for validation; confirm account permission, liquidity, fees, and data availability before final use."
0762.HK,HK,STOCK,LIKELY_TRADABLE_NEEDS_ACCOUNT_PERMISSION_CHECK,HKD,Asia/Hong_Kong,moomoo_opend,HK.0762,0762.HK,"Seed candidate for validation; confirm account permission, liquidity, fees, and data availability before final use."
2020.HK,HK,STOCK,LIKELY_TRADABLE_NEEDS_ACCOUNT_PERMISSION_CHECK,HKD,Asia/Hong_Kong,moomoo_opend,HK.2020,2020.HK,"Seed candidate for validation; confirm account permission, liquidity, fees, and data availability before final use."
1211.HK,HK,STOCK,LIKELY_TRADABLE_NEEDS_ACCOUNT_PERMISSION_CHECK,HKD,Asia/Hong_Kong,moomoo_opend,HK.1211,1211.HK,"Seed candidate for validation; confirm account permission, liquidity, fees, and data availability before final use."
2015.HK,HK,STOCK,LIKELY_TRADABLE_NEEDS_ACCOUNT_PERMISSION_CHECK,HKD,Asia/Hong_Kong,moomoo_opend,HK.2015,2015.HK,"Seed candidate for validation; confirm account permission, liquidity, fees, and data availability before final use."
0175.HK,HK,STOCK,LIKELY_TRADABLE_NEEDS_ACCOUNT_PERMISSION_CHECK,HKD,Asia/Hong_Kong,moomoo_opend,HK.0175,0175.HK,"Seed candidate for validation; confirm account permission, liquidity, fees, and data availability before final use."
2333.HK,HK,STOCK,LIKELY_TRADABLE_NEEDS_ACCOUNT_PERMISSION_CHECK,HKD,Asia/Hong_Kong,moomoo_opend,HK.2333,2333.HK,"Seed candidate for validation; confirm account permission, liquidity, fees, and data availability before final use."
2382.HK,HK,STOCK,LIKELY_TRADABLE_NEEDS_ACCOUNT_PERMISSION_CHECK,HKD,Asia/Hong_Kong,moomoo_opend,HK.2382,2382.HK,"Seed candidate for validation; confirm account permission, liquidity, fees, and data availability before final use."
2269.HK,HK,STOCK,LIKELY_TRADABLE_NEEDS_ACCOUNT_PERMISSION_CHECK,HKD,Asia/Hong_Kong,moomoo_opend,HK.2269,2269.HK,"Seed candidate for validation; confirm account permission, liquidity, fees, and data availability before final use."
6618.HK,HK,STOCK,LIKELY_TRADABLE_NEEDS_ACCOUNT_PERMISSION_CHECK,HKD,Asia/Hong_Kong,moomoo_opend,HK.6618,6618.HK,"Seed candidate for validation; confirm account permission, liquidity, fees, and data availability before final use."
9888.HK,HK,STOCK,LIKELY_TRADABLE_NEEDS_ACCOUNT_PERMISSION_CHECK,HKD,Asia/Hong_Kong,moomoo_opend,HK.9888,9888.HK,"Seed candidate for validation; confirm account permission, liquidity, fees, and data availability before final use."
0968.HK,HK,STOCK,LIKELY_TRADABLE_NEEDS_ACCOUNT_PERMISSION_CHECK,HKD,Asia/Hong_Kong,moomoo_opend,HK.0968,0968.HK,"Seed candidate for validation; confirm account permission, liquidity, fees, and data availability before final use."
2800.HK,HK,ETF,LIKELY_TRADABLE_NEEDS_ACCOUNT_PERMISSION_CHECK,HKD,Asia/Hong_Kong,moomoo_opend,HK.2800,2800.HK,"Seed candidate for validation; confirm account permission, liquidity, fees, and data availability before final use."
2822.HK,HK,ETF,LIKELY_TRADABLE_NEEDS_ACCOUNT_PERMISSION_CHECK,HKD,Asia/Hong_Kong,moomoo_opend,HK.2822,2822.HK,"Seed candidate for validation; confirm account permission, liquidity, fees, and data availability before final use."
510300.SS,CN_ETF,ETF,LIKELY_TRADABLE_NEEDS_ACCOUNT_PERMISSION_CHECK,CNY,Asia/Shanghai,moomoo_opend,SH.510300,510300.SS,"Seed candidate for validation; confirm account permission, liquidity, fees, and data availability before final use."
510500.SS,CN_ETF,ETF,LIKELY_TRADABLE_NEEDS_ACCOUNT_PERMISSION_CHECK,CNY,Asia/Shanghai,moomoo_opend,SH.510500,510500.SS,"Seed candidate for validation; confirm account permission, liquidity, fees, and data availability before final use."
512100.SS,CN_ETF,ETF,LIKELY_TRADABLE_NEEDS_ACCOUNT_PERMISSION_CHECK,CNY,Asia/Shanghai,moomoo_opend,SH.512100,512100.SS,"Seed candidate for validation; confirm account permission, liquidity, fees, and data availability before final use."
159915.SZ,CN_ETF,ETF,LIKELY_TRADABLE_NEEDS_ACCOUNT_PERMISSION_CHECK,CNY,Asia/Shanghai,moomoo_opend,SZ.159915,159915.SZ,"Seed candidate for validation; confirm account permission, liquidity, fees, and data availability before final use."
159949.SZ,CN_ETF,ETF,LIKELY_TRADABLE_NEEDS_ACCOUNT_PERMISSION_CHECK,CNY,Asia/Shanghai,moomoo_opend,SZ.159949,159949.SZ,"Seed candidate for validation; confirm account permission, liquidity, fees, and data availability before final use."
588000.SS,CN_ETF,ETF,LIKELY_TRADABLE_NEEDS_ACCOUNT_PERMISSION_CHECK,CNY,Asia/Shanghai,moomoo_opend,SH.588000,588000.SS,"Seed candidate for validation; confirm account permission, liquidity, fees, and data availability before final use."
588080.SS,CN_ETF,ETF,LIKELY_TRADABLE_NEEDS_ACCOUNT_PERMISSION_CHECK,CNY,Asia/Shanghai,moomoo_opend,SH.588080,588080.SS,"Seed candidate for validation; confirm account permission, liquidity, fees, and data availability before final use."
512760.SS,CN_ETF,ETF,LIKELY_TRADABLE_NEEDS_ACCOUNT_PERMISSION_CHECK,CNY,Asia/Shanghai,moomoo_opend,SH.512760,512760.SS,"Seed candidate for validation; confirm account permission, liquidity, fees, and data availability before final use."
512480.SS,CN_ETF,ETF,LIKELY_TRADABLE_NEEDS_ACCOUNT_PERMISSION_CHECK,CNY,Asia/Shanghai,moomoo_opend,SH.512480,512480.SS,"Seed candidate for validation; confirm account permission, liquidity, fees, and data availability before final use."
512880.SS,CN_ETF,ETF,LIKELY_TRADABLE_NEEDS_ACCOUNT_PERMISSION_CHECK,CNY,Asia/Shanghai,moomoo_opend,SH.512880,512880.SS,"Seed candidate for validation; confirm account permission, liquidity, fees, and data availability before final use."
512660.SS,CN_ETF,ETF,LIKELY_TRADABLE_NEEDS_ACCOUNT_PERMISSION_CHECK,CNY,Asia/Shanghai,moomoo_opend,SH.512660,512660.SS,"Seed candidate for validation; confirm account permission, liquidity, fees, and data availability before final use."
515790.SS,CN_ETF,ETF,LIKELY_TRADABLE_NEEDS_ACCOUNT_PERMISSION_CHECK,CNY,Asia/Shanghai,moomoo_opend,SH.515790,515790.SS,"Seed candidate for validation; confirm account permission, liquidity, fees, and data availability before final use."
515030.SS,CN_ETF,ETF,LIKELY_TRADABLE_NEEDS_ACCOUNT_PERMISSION_CHECK,CNY,Asia/Shanghai,moomoo_opend,SH.515030,515030.SS,"Seed candidate for validation; confirm account permission, liquidity, fees, and data availability before final use."
516160.SS,CN_ETF,ETF,LIKELY_TRADABLE_NEEDS_ACCOUNT_PERMISSION_CHECK,CNY,Asia/Shanghai,moomoo_opend,SH.516160,516160.SS,"Seed candidate for validation; confirm account permission, liquidity, fees, and data availability before final use."
515050.SS,CN_ETF,ETF,LIKELY_TRADABLE_NEEDS_ACCOUNT_PERMISSION_CHECK,CNY,Asia/Shanghai,moomoo_opend,SH.515050,515050.SS,"Seed candidate for validation; confirm account permission, liquidity, fees, and data availability before final use."
515220.SS,CN_ETF,ETF,LIKELY_TRADABLE_NEEDS_ACCOUNT_PERMISSION_CHECK,CNY,Asia/Shanghai,moomoo_opend,SH.515220,515220.SS,"Seed candidate for validation; confirm account permission, liquidity, fees, and data availability before final use."
159995.SZ,CN_ETF,ETF,LIKELY_TRADABLE_NEEDS_ACCOUNT_PERMISSION_CHECK,CNY,Asia/Shanghai,moomoo_opend,SZ.159995,159995.SZ,"Seed candidate for validation; confirm account permission, liquidity, fees, and data availability before final use."
159869.SZ,CN_ETF,ETF,LIKELY_TRADABLE_NEEDS_ACCOUNT_PERMISSION_CHECK,CNY,Asia/Shanghai,moomoo_opend,SZ.159869,159869.SZ,"Seed candidate for validation; confirm account permission, liquidity, fees, and data availability before final use."
159920.SZ,CN_ETF,ETF,LIKELY_TRADABLE_NEEDS_ACCOUNT_PERMISSION_CHECK,CNY,Asia/Shanghai,moomoo_opend,SZ.159920,159920.SZ,"Seed candidate for validation; confirm account permission, liquidity, fees, and data availability before final use."
513100.SS,CN_ETF,ETF,LIKELY_TRADABLE_NEEDS_ACCOUNT_PERMISSION_CHECK,CNY,Asia/Shanghai,moomoo_opend,SH.513100,513100.SS,"Seed candidate for validation; confirm account permission, liquidity, fees, and data availability before final use."
513500.SS,CN_ETF,ETF,LIKELY_TRADABLE_NEEDS_ACCOUNT_PERMISSION_CHECK,CNY,Asia/Shanghai,moomoo_opend,SH.513500,513500.SS,"Seed candidate for validation; confirm account permission, liquidity, fees, and data availability before final use."
513030.SS,CN_ETF,ETF,LIKELY_TRADABLE_NEEDS_ACCOUNT_PERMISSION_CHECK,CNY,Asia/Shanghai,moomoo_opend,SH.513030,513030.SS,"Seed candidate for validation; confirm account permission, liquidity, fees, and data availability before final use."
513050.SS,CN_ETF,ETF,LIKELY_TRADABLE_NEEDS_ACCOUNT_PERMISSION_CHECK,CNY,Asia/Shanghai,moomoo_opend,SH.513050,513050.SS,"Seed candidate for validation; confirm account permission, liquidity, fees, and data availability before final use."
513180.SS,CN_ETF,ETF,LIKELY_TRADABLE_NEEDS_ACCOUNT_PERMISSION_CHECK,CNY,Asia/Shanghai,moomoo_opend,SH.513180,513180.SS,"Seed candidate for validation; confirm account permission, liquidity, fees, and data availability before final use."
513330.SS,CN_ETF,ETF,LIKELY_TRADABLE_NEEDS_ACCOUNT_PERMISSION_CHECK,CNY,Asia/Shanghai,moomoo_opend,SH.513330,513330.SS,"Seed candidate for validation; confirm account permission, liquidity, fees, and data availability before final use."
518880.SS,CN_ETF,COMMODITY,LIKELY_TRADABLE_NEEDS_ACCOUNT_PERMISSION_CHECK,CNY,Asia/Shanghai,moomoo_opend,SH.518880,518880.SS,"Seed candidate for validation; confirm account permission, liquidity, fees, and data availability before final use."
511010.SS,CN_ETF,BOND,LIKELY_TRADABLE_NEEDS_ACCOUNT_PERMISSION_CHECK,CNY,Asia/Shanghai,moomoo_opend,SH.511010,511010.SS,"Seed candidate for validation; confirm account permission, liquidity, fees, and data availability before final use."
511220.SS,CN_ETF,BOND,LIKELY_TRADABLE_NEEDS_ACCOUNT_PERMISSION_CHECK,CNY,Asia/Shanghai,moomoo_opend,SH.511220,511220.SS,"Seed candidate for validation; confirm account permission, liquidity, fees, and data availability before final use."
510880.SS,CN_ETF,ETF,LIKELY_TRADABLE_NEEDS_ACCOUNT_PERMISSION_CHECK,CNY,Asia/Shanghai,moomoo_opend,SH.510880,510880.SS,"Seed candidate for validation; confirm account permission, liquidity, fees, and data availability before final use."
510050.SS,CN_ETF,ETF,LIKELY_TRADABLE_NEEDS_ACCOUNT_PERMISSION_CHECK,CNY,Asia/Shanghai,moomoo_opend,SH.510050,510050.SS,"Seed candidate for validation; confirm account permission, liquidity, fees, and data availability before final use."
510180.SS,CN_ETF,ETF,LIKELY_TRADABLE_NEEDS_ACCOUNT_PERMISSION_CHECK,CNY,Asia/Shanghai,moomoo_opend,SH.510180,510180.SS,"Seed candidate for validation; confirm account permission, liquidity, fees, and data availability before final use."
159919.SZ,CN_ETF,ETF,LIKELY_TRADABLE_NEEDS_ACCOUNT_PERMISSION_CHECK,CNY,Asia/Shanghai,moomoo_opend,SZ.159919,159919.SZ,"Seed candidate for validation; confirm account permission, liquidity, fees, and data availability before final use."
159901.SZ,CN_ETF,ETF,LIKELY_TRADABLE_NEEDS_ACCOUNT_PERMISSION_CHECK,CNY,Asia/Shanghai,moomoo_opend,SZ.159901,159901.SZ,"Seed candidate for validation; confirm account permission, liquidity, fees, and data availability before final use."
159922.SZ,CN_ETF,ETF,LIKELY_TRADABLE_NEEDS_ACCOUNT_PERMISSION_CHECK,CNY,Asia/Shanghai,moomoo_opend,SZ.159922,159922.SZ,"Seed candidate for validation; confirm account permission, liquidity, fees, and data availability before final use."
159928.SZ,CN_ETF,ETF,LIKELY_TRADABLE_NEEDS_ACCOUNT_PERMISSION_CHECK,CNY,Asia/Shanghai,moomoo_opend,SZ.159928,159928.SZ,"Seed candidate for validation; confirm account permission, liquidity, fees, and data availability before final use."
159934.SZ,CN_ETF,ETF,LIKELY_TRADABLE_NEEDS_ACCOUNT_PERMISSION_CHECK,CNY,Asia/Shanghai,moomoo_opend,SZ.159934,159934.SZ,"Seed candidate for validation; confirm account permission, liquidity, fees, and data availability before final use."
512690.SS,CN_ETF,ETF,LIKELY_TRADABLE_NEEDS_ACCOUNT_PERMISSION_CHECK,CNY,Asia/Shanghai,moomoo_opend,SH.512690,512690.SS,"Seed candidate for validation; confirm account permission, liquidity, fees, and data availability before final use."
512800.SS,CN_ETF,ETF,LIKELY_TRADABLE_NEEDS_ACCOUNT_PERMISSION_CHECK,CNY,Asia/Shanghai,moomoo_opend,SH.512800,512800.SS,"Seed candidate for validation; confirm account permission, liquidity, fees, and data availability before final use."
515700.SS,CN_ETF,ETF,LIKELY_TRADABLE_NEEDS_ACCOUNT_PERMISSION_CHECK,CNY,Asia/Shanghai,moomoo_opend,SH.515700,515700.SS,"Seed candidate for validation; confirm account permission, liquidity, fees, and data availability before final use."
