parameter_id,model_id,formula_id,symbol,name,category,data_type,unit,default_value,initial_or_prior_value,active_value,weight,weight_group,weight_group_target,weight_group_tolerance,min_value,max_value,formula_or_transform,source_or_rationale,calibration_method,sensitivity,code_ref,config_ref,test_ref,status,fact_level,unknown_task_ids,parameter_version,last_updated
PARAM-ADP-001,MOD-ADP-001,FORM-ADP-001,PY_MIN_MAJOR,Minimum Python major version,runtime,int,major,3,3,3,NOT_APPLICABLE,,,,3,UNBOUNDED,sys.version_info,EXTRACTED from requires-python and system runtime,NOT_APPLICABLE deterministic runtime gate,blocks unsupported Python major,arxiv-daily-push/src/arxiv_daily_push/doctor.py,arxiv-daily-push/pyproject.toml,arxiv-daily-push/tests/test_doctor.py,active,EXTRACTED,,adp-foundation-parameters-v1,2026-06-21
PARAM-ADP-002,MOD-ADP-001,FORM-ADP-001,PY_MIN_MINOR,Minimum Python minor version,runtime,int,minor,9,9,9,NOT_APPLICABLE,,,,0,UNBOUNDED,requires-python >=3.9,EXTRACTED from pyproject,NOT_APPLICABLE deterministic runtime gate,blocks unsupported Python minor,arxiv-daily-push/src/arxiv_daily_push/doctor.py,arxiv-daily-push/pyproject.toml,arxiv-daily-push/tests/test_doctor.py,active,EXTRACTED,,adp-foundation-parameters-v1,2026-06-21
PARAM-ADP-003,MOD-ADP-001,FORM-ADP-001,REQ_CMD_PYTHON3,Phase 1 python command,command,string,command,python3,python3,python3,NOT_APPLICABLE,,,,NOT_APPLICABLE,NOT_APPLICABLE,shutil.which,EXTRACTED from config.py,NOT_APPLICABLE deterministic command gate,missing value blocks Phase 1 doctor,arxiv-daily-push/src/arxiv_daily_push/doctor.py,arxiv-daily-push/src/arxiv_daily_push/config.py,arxiv-daily-push/tests/test_doctor.py,active,EXTRACTED,,adp-foundation-parameters-v1,2026-06-21
PARAM-ADP-004,MOD-ADP-001,FORM-ADP-001,REQ_CMD_GIT,Phase 1 git command,command,string,command,git,git,git,NOT_APPLICABLE,,,,NOT_APPLICABLE,NOT_APPLICABLE,shutil.which,EXTRACTED from config.py,NOT_APPLICABLE deterministic command gate,missing value blocks Phase 1 doctor,arxiv-daily-push/src/arxiv_daily_push/doctor.py,arxiv-daily-push/src/arxiv_daily_push/config.py,arxiv-daily-push/tests/test_doctor.py,active,EXTRACTED,,adp-foundation-parameters-v1,2026-06-21
PARAM-ADP-005,MOD-ADP-001,FORM-ADP-001,FUTURE_COMMANDS,Later phase runtime command list,command_list,list,commands,node;npm;gh;ffmpeg;docker,node;npm;gh;ffmpeg;docker,node;npm;gh;ffmpeg;docker,NOT_APPLICABLE,,,,NOT_APPLICABLE,NOT_APPLICABLE,shutil.which per command,EXTRACTED from config.py,NOT_APPLICABLE deterministic warning gate,missing values warn not block Phase 1,arxiv-daily-push/src/arxiv_daily_push/doctor.py,arxiv-daily-push/src/arxiv_daily_push/config.py,arxiv-daily-push/tests/test_cli.py,active,EXTRACTED,,adp-foundation-parameters-v1,2026-06-21
PARAM-ADP-006,MOD-ADP-001,FORM-ADP-001,MIN_VIDEO_TTS_DISK_GIB,Minimum free disk for video and TTS phases,resource,float,GiB,80,80,80,NOT_APPLICABLE,,,,0,UNBOUNDED,free_gib >= 80,EXTRACTED from config.py and Phase 0 resource policy,NOT_APPLICABLE deterministic resource gate,below threshold warns before later phases,arxiv-daily-push/src/arxiv_daily_push/doctor.py,arxiv-daily-push/src/arxiv_daily_push/config.py,arxiv-daily-push/tests/test_doctor.py,active,EXTRACTED,,adp-foundation-parameters-v1,2026-06-21
PARAM-ADP-007,MOD-ADP-001,FORM-ADP-002,EMAIL_RECIPIENT,Notification recipient,notification,string,email,linzezhang35@gmail.com,linzezhang35@gmail.com,linzezhang35@gmail.com,NOT_APPLICABLE,,,,NOT_APPLICABLE,NOT_APPLICABLE,DEFAULT_RECIPIENT,EXTRACTED from user requirement and config.py,NOT_APPLICABLE configured address,wrong value sends notifications to wrong destination,arxiv-daily-push/src/arxiv_daily_push/notifications.py,arxiv-daily-push/config/examples/notification.example.yaml,arxiv-daily-push/tests/test_notifications.py,active,EXTRACTED,,adp-foundation-parameters-v1,2026-06-21
PARAM-ADP-008,MOD-ADP-001,FORM-ADP-002,TIMEZONE,Runtime timezone,notification,string,IANA timezone,Australia/Sydney,Australia/Sydney,Australia/Sydney,NOT_APPLICABLE,,,,NOT_APPLICABLE,NOT_APPLICABLE,DEFAULT_TIMEZONE,EXTRACTED from goal baseline and config.py,NOT_APPLICABLE configured timezone,wrong value schedules incorrect run windows,arxiv-daily-push/src/arxiv_daily_push/notifications.py,arxiv-daily-push/config/examples/runtime.example.yaml,arxiv-daily-push/tests/test_notifications.py,active,EXTRACTED,,adp-foundation-parameters-v1,2026-06-21
PARAM-ADP-009,MOD-ADP-002,FORM-ADP-003,W_FRONTIER_SIGNAL,Frontier signal weight,ranking_weight,float,points,20,20,20,20,WG-ADP-RANKING,100,0.0001,0,100,component_score,EXTRACTED from pursuing goal baseline and ranking.py,deterministic golden score tests,high impact on selection,arxiv-daily-push/src/arxiv_daily_push/ranking.py,arxiv-daily-push/docs/pursuing_goal/06_PURSUING_GOAL_READY_PROMPT.md,arxiv-daily-push/tests/test_ranking.py,active,EXTRACTED,,adp-ranking-parameters-v1,2026-06-21
PARAM-ADP-010,MOD-ADP-002,FORM-ADP-003,W_EVIDENCE_RELIABILITY,Evidence reliability weight,ranking_weight,float,points,20,20,20,20,WG-ADP-RANKING,100,0.0001,0,100,component_score,EXTRACTED from pursuing goal baseline and ranking.py,deterministic golden score tests,high impact on selection,arxiv-daily-push/src/arxiv_daily_push/ranking.py,arxiv-daily-push/docs/pursuing_goal/06_PURSUING_GOAL_READY_PROMPT.md,arxiv-daily-push/tests/test_ranking.py,active,EXTRACTED,,adp-ranking-parameters-v1,2026-06-21
PARAM-ADP-011,MOD-ADP-002,FORM-ADP-003,W_NOVELTY,Method novelty weight,ranking_weight,float,points,15,15,15,15,WG-ADP-RANKING,100,0.0001,0,100,component_score,EXTRACTED from pursuing goal baseline and ranking.py,deterministic golden score tests,medium impact on selection,arxiv-daily-push/src/arxiv_daily_push/ranking.py,arxiv-daily-push/docs/pursuing_goal/06_PURSUING_GOAL_READY_PROMPT.md,arxiv-daily-push/tests/test_ranking.py,active,EXTRACTED,,adp-ranking-parameters-v1,2026-06-21
PARAM-ADP-012,MOD-ADP-002,FORM-ADP-003,W_TRANSFER_VALUE,Transfer value weight,ranking_weight,float,points,15,15,15,15,WG-ADP-RANKING,100,0.0001,0,100,component_score,EXTRACTED from pursuing goal baseline and ranking.py,deterministic golden score tests,medium impact on selection,arxiv-daily-push/src/arxiv_daily_push/ranking.py,arxiv-daily-push/docs/pursuing_goal/06_PURSUING_GOAL_READY_PROMPT.md,arxiv-daily-push/tests/test_ranking.py,active,EXTRACTED,,adp-ranking-parameters-v1,2026-06-21
PARAM-ADP-013,MOD-ADP-002,FORM-ADP-003,W_PROBLEM_IMPORTANCE,Problem importance weight,ranking_weight,float,points,10,10,10,10,WG-ADP-RANKING,100,0.0001,0,100,component_score,EXTRACTED from pursuing goal baseline and ranking.py,deterministic golden score tests,medium impact on selection,arxiv-daily-push/src/arxiv_daily_push/ranking.py,arxiv-daily-push/docs/pursuing_goal/06_PURSUING_GOAL_READY_PROMPT.md,arxiv-daily-push/tests/test_ranking.py,active,EXTRACTED,,adp-ranking-parameters-v1,2026-06-21
PARAM-ADP-014,MOD-ADP-002,FORM-ADP-003,W_TAXONOMY_PRIORITY,Taxonomy priority weight,ranking_weight,float,points,10,10,10,10,WG-ADP-RANKING,100,0.0001,0,100,component_score,EXTRACTED from pursuing goal baseline and ranking.py,deterministic golden score tests,medium impact on selection,arxiv-daily-push/src/arxiv_daily_push/ranking.py,arxiv-daily-push/docs/pursuing_goal/06_PURSUING_GOAL_READY_PROMPT.md,arxiv-daily-push/tests/test_ranking.py,active,EXTRACTED,,adp-ranking-parameters-v1,2026-06-21
PARAM-ADP-015,MOD-ADP-002,FORM-ADP-003,W_WAITING_TIME,Waiting time weight,ranking_weight,float,points,5,5,5,5,WG-ADP-RANKING,100,0.0001,0,100,component_score,EXTRACTED from pursuing goal baseline and ranking.py,deterministic golden score tests,low impact on selection,arxiv-daily-push/src/arxiv_daily_push/ranking.py,arxiv-daily-push/docs/pursuing_goal/06_PURSUING_GOAL_READY_PROMPT.md,arxiv-daily-push/tests/test_ranking.py,active,EXTRACTED,,adp-ranking-parameters-v1,2026-06-21
PARAM-ADP-016,MOD-ADP-002,FORM-ADP-003,W_DIVERSITY,Diversity weight,ranking_weight,float,points,5,5,5,5,WG-ADP-RANKING,100,0.0001,0,100,component_score,EXTRACTED from pursuing goal baseline and ranking.py,deterministic golden score tests,low impact on selection,arxiv-daily-push/src/arxiv_daily_push/ranking.py,arxiv-daily-push/docs/pursuing_goal/06_PURSUING_GOAL_READY_PROMPT.md,arxiv-daily-push/tests/test_ranking.py,active,EXTRACTED,,adp-ranking-parameters-v1,2026-06-21
PARAM-ADP-017,MOD-ADP-003,FORM-ADP-004,P0_LOCATOR_REQUIRED,Locator required for P0 claims,evidence_gate,bool,flag,true,true,true,NOT_APPLICABLE,,,,false,true,claim.locator present,EXTRACTED from pursuing goal baseline and evidence_gate.py,deterministic evidence gate tests,blocks unsupported facts,arxiv-daily-push/src/arxiv_daily_push/evidence_gate.py,arxiv-daily-push/schemas/evidence_claim.schema.json,arxiv-daily-push/tests/test_evidence_gate.py,active,EXTRACTED,,adp-evidence-parameters-v1,2026-06-21
PARAM-ADP-018,MOD-ADP-003,FORM-ADP-004,PEER_REVIEW_EVIDENCE_REQUIRED,Independent evidence required for peer reviewed claim,evidence_gate,bool,flag,true,true,true,NOT_APPLICABLE,,,,false,true,preprint status check,EXTRACTED from pursuing goal baseline and evidence_gate.py,deterministic evidence gate tests,blocks incorrect peer review claims,arxiv-daily-push/src/arxiv_daily_push/evidence_gate.py,arxiv-daily-push/schemas/evidence_claim.schema.json,arxiv-daily-push/tests/test_evidence_gate.py,active,EXTRACTED,,adp-evidence-parameters-v1,2026-06-21
PARAM-ADP-019,MOD-ADP-003,FORM-ADP-004,VIDEO_FACT_SOURCE,Video fact source policy,evidence_gate,string,policy,lesson_json_only,lesson_json_only,lesson_json_only,NOT_APPLICABLE,,,,NOT_APPLICABLE,NOT_APPLICABLE,video facts subset of lesson.json,PROPOSED from pursuing goal baseline,planned Phase 8 validation,blocks video-only factual claims,NOT_APPLICABLE,arxiv-daily-push/docs/pursuing_goal/06_PURSUING_GOAL_READY_PROMPT.md,NOT_APPLICABLE,planned,PROPOSED,ADP-PHASE8-VIDEO-001,adp-evidence-parameters-planned-v1,2026-06-21
PARAM-ADP-020,MOD-ADP-004,FORM-ADP-005,SOURCE_TYPES,Allowed source type set,contract,list,enum,arxiv;rss;github;standard;industry_report;web;book;course;podcast;user_document,arxiv;rss;github;standard;industry_report;web;book;course;podcast;user_document,arxiv;rss;github;standard;industry_report;web;book;course;podcast;user_document,NOT_APPLICABLE,,,,NOT_APPLICABLE,NOT_APPLICABLE,enum membership,EXTRACTED from contracts.py and source_item schema,deterministic contract test,arxiv-only lock-in if incomplete,arxiv-daily-push/src/arxiv_daily_push/contracts.py,arxiv-daily-push/schemas/source_item.schema.json,arxiv-daily-push/tests/test_contracts.py,active,EXTRACTED,,adp-contract-parameters-v1,2026-06-21
PARAM-ADP-021,MOD-ADP-004,FORM-ADP-005,CLAIM_TYPES,Allowed claim type set,contract,list,enum,reported_result;author_claim;system_inference;analogy;uncertainty;metadata,reported_result;author_claim;system_inference;analogy;uncertainty;metadata,reported_result;author_claim;system_inference;analogy;uncertainty;metadata,NOT_APPLICABLE,,,,NOT_APPLICABLE,NOT_APPLICABLE,enum membership,EXTRACTED from contracts.py and evidence_claim schema,deterministic contract test,misclassified claims weaken evidence audit,arxiv-daily-push/src/arxiv_daily_push/contracts.py,arxiv-daily-push/schemas/evidence_claim.schema.json,arxiv-daily-push/tests/test_contracts.py,active,EXTRACTED,,adp-contract-parameters-v1,2026-06-21
PARAM-ADP-022,MOD-ADP-004,FORM-ADP-005,CLAIM_PRIORITIES,Allowed claim priority set,contract,list,enum,P0;P1;P2,P0;P1;P2,P0;P1;P2,NOT_APPLICABLE,,,,NOT_APPLICABLE,NOT_APPLICABLE,enum membership,EXTRACTED from contracts.py and evidence_claim schema,deterministic contract test,P0 gate can be bypassed if priorities drift,arxiv-daily-push/src/arxiv_daily_push/contracts.py,arxiv-daily-push/schemas/evidence_claim.schema.json,arxiv-daily-push/tests/test_contracts.py,active,EXTRACTED,,adp-contract-parameters-v1,2026-06-21
PARAM-ADP-023,MOD-ADP-004,FORM-ADP-005,SUPPORT_STATUSES,Allowed support status set,contract,list,enum,supported;unsupported;conflict;unverified,supported;unsupported;conflict;unverified,supported;unsupported;conflict;unverified,NOT_APPLICABLE,,,,NOT_APPLICABLE,NOT_APPLICABLE,enum membership,EXTRACTED from contracts.py and evidence_claim schema,deterministic contract test,unsupported facts may be mislabeled,arxiv-daily-push/src/arxiv_daily_push/contracts.py,arxiv-daily-push/schemas/evidence_claim.schema.json,arxiv-daily-push/tests/test_contracts.py,active,EXTRACTED,,adp-contract-parameters-v1,2026-06-21
PARAM-ADP-024,MOD-ADP-004,FORM-ADP-005,P0_LOCATOR_RUNTIME_REQUIRED,Runtime P0 locator requirement,contract,bool,flag,true,true,true,NOT_APPLICABLE,,,,false,true,locator key membership,EXTRACTED from contracts.py,deterministic contract test,unsupported P0 claims can pass if false,arxiv-daily-push/src/arxiv_daily_push/contracts.py,arxiv-daily-push/schemas/evidence_claim.schema.json,arxiv-daily-push/tests/test_contracts.py,active,EXTRACTED,,adp-contract-parameters-v1,2026-06-21
PARAM-ADP-025,MOD-ADP-004,FORM-ADP-006,RUN_STATES,Allowed RunRecord states,state_machine,list,state,created;health_checked;source_collected;evidence_bound;lesson_ready;storyboard_ready;publication_ready;notified;completed;blocked;failed,created;health_checked;source_collected;evidence_bound;lesson_ready;storyboard_ready;publication_ready;notified;completed;blocked;failed,created;health_checked;source_collected;evidence_bound;lesson_ready;storyboard_ready;publication_ready;notified;completed;blocked;failed,NOT_APPLICABLE,,,,NOT_APPLICABLE,NOT_APPLICABLE,state membership,EXTRACTED from state_machine.py and run_record schema,deterministic state test,unrecognized states break replay,arxiv-daily-push/src/arxiv_daily_push/state_machine.py,arxiv-daily-push/schemas/run_record.schema.json,arxiv-daily-push/tests/test_state_machine.py,active,EXTRACTED,,adp-contract-parameters-v1,2026-06-21
PARAM-ADP-026,MOD-ADP-004,FORM-ADP-006,ALLOWED_TRANSITIONS,RunRecord transition graph,state_machine,map,state_edges,created>health_checked;health_checked>source_collected;source_collected>evidence_bound;evidence_bound>lesson_ready;lesson_ready>storyboard_ready|publication_ready;storyboard_ready>publication_ready;publication_ready>notified|completed;notified>completed,created>health_checked;health_checked>source_collected;source_collected>evidence_bound;evidence_bound>lesson_ready;lesson_ready>storyboard_ready|publication_ready;storyboard_ready>publication_ready;publication_ready>notified|completed;notified>completed,created>health_checked;health_checked>source_collected;source_collected>evidence_bound;evidence_bound>lesson_ready;lesson_ready>storyboard_ready|publication_ready;storyboard_ready>publication_ready;publication_ready>notified|completed;notified>completed,NOT_APPLICABLE,,,,NOT_APPLICABLE,NOT_APPLICABLE,next_state in ALLOWED_TRANSITIONS[current_state],EXTRACTED from state_machine.py,deterministic state test,skipped evidence states would permit unsafe publication,arxiv-daily-push/src/arxiv_daily_push/state_machine.py,arxiv-daily-push/schemas/run_record.schema.json,arxiv-daily-push/tests/test_state_machine.py,active,EXTRACTED,,adp-contract-parameters-v1,2026-06-21
PARAM-ADP-027,MOD-ADP-004,FORM-ADP-006,RUN_STATUSES,Allowed RunRecord statuses,state_machine,list,status,created;running;blocked;failed;degraded;succeeded,created;running;blocked;failed;degraded;succeeded,created;running;blocked;failed;degraded;succeeded,NOT_APPLICABLE,,,,NOT_APPLICABLE,NOT_APPLICABLE,status membership,EXTRACTED from state_machine.py and run_record schema,deterministic state test,ambiguous run status hurts recovery,arxiv-daily-push/src/arxiv_daily_push/state_machine.py,arxiv-daily-push/schemas/run_record.schema.json,arxiv-daily-push/tests/test_state_machine.py,active,EXTRACTED,,adp-contract-parameters-v1,2026-06-21
PARAM-ADP-028,MOD-ADP-004,FORM-ADP-006,STAGE_STATUSES,Allowed stage statuses,state_machine,list,status,not_started;running;passed;blocked;failed;skipped,not_started;running;passed;blocked;failed;skipped,not_started;running;passed;blocked;failed;skipped,NOT_APPLICABLE,,,,NOT_APPLICABLE,NOT_APPLICABLE,status membership,EXTRACTED from state_machine.py and run_record schema,deterministic state test,ambiguous stage status hurts auditability,arxiv-daily-push/src/arxiv_daily_push/state_machine.py,arxiv-daily-push/schemas/run_record.schema.json,arxiv-daily-push/tests/test_state_machine.py,active,EXTRACTED,,adp-contract-parameters-v1,2026-06-21
PARAM-ADP-029,MOD-ADP-005,FORM-ADP-007,ARXIV_API_BASE_URL,arXiv API base URL,source_adapter,string,url,https://export.arxiv.org/api/query,https://export.arxiv.org/api/query,https://export.arxiv.org/api/query,NOT_APPLICABLE,,,,NOT_APPLICABLE,NOT_APPLICABLE,urllib.parse.urlencode,EXTRACTED from arxiv API docs and config,offline URL test,wrong endpoint prevents source sync,arxiv-daily-push/src/arxiv_daily_push/arxiv_adapter.py,arxiv-daily-push/config/examples/sources.example.yaml,arxiv-daily-push/tests/test_arxiv_adapter.py,active,EXTRACTED,,adp-arxiv-adapter-parameters-v1,2026-06-21
PARAM-ADP-030,MOD-ADP-005,FORM-ADP-007,ARXIV_MAX_RESULTS_PHASE3,Phase 3 max results per call,source_adapter,int,entries,50,50,50,NOT_APPLICABLE,,,,1,50,max_results <= 50,EXTRACTED from local low pressure policy,offline URL test,large pulls increase local and remote pressure,arxiv-daily-push/src/arxiv_daily_push/arxiv_adapter.py,arxiv-daily-push/config/examples/sources.example.yaml,arxiv-daily-push/tests/test_arxiv_adapter.py,active,EXTRACTED,,adp-arxiv-adapter-parameters-v1,2026-06-21
PARAM-ADP-031,MOD-ADP-005,FORM-ADP-007,ARXIV_DEFAULT_SORT_BY,Default arXiv sort field,source_adapter,string,field,submittedDate,submittedDate,submittedDate,NOT_APPLICABLE,,,,NOT_APPLICABLE,NOT_APPLICABLE,query parameter sortBy,EXTRACTED from adapter default,offline URL test,wrong sort can produce stale queue order,arxiv-daily-push/src/arxiv_daily_push/arxiv_adapter.py,arxiv-daily-push/config/examples/sources.example.yaml,arxiv-daily-push/tests/test_arxiv_adapter.py,active,EXTRACTED,,adp-arxiv-adapter-parameters-v1,2026-06-21
PARAM-ADP-032,MOD-ADP-005,FORM-ADP-007,ARXIV_DEFAULT_SORT_ORDER,Default arXiv sort order,source_adapter,string,field,descending,descending,descending,NOT_APPLICABLE,,,,NOT_APPLICABLE,NOT_APPLICABLE,query parameter sortOrder,EXTRACTED from adapter default,offline URL test,wrong order can reverse freshness,arxiv-daily-push/src/arxiv_daily_push/arxiv_adapter.py,arxiv-daily-push/config/examples/sources.example.yaml,arxiv-daily-push/tests/test_arxiv_adapter.py,active,EXTRACTED,,adp-arxiv-adapter-parameters-v1,2026-06-21
PARAM-ADP-033,MOD-ADP-005,FORM-ADP-007,ARXIV_SOURCE_ADAPTER_ID,arXiv source adapter id,source_adapter,string,identifier,arxiv.atom.v1,arxiv.atom.v1,arxiv.atom.v1,NOT_APPLICABLE,,,,NOT_APPLICABLE,NOT_APPLICABLE,SourceItem.source_adapter,EXTRACTED from adapter output,offline parse test,adapter drift breaks source traceability,arxiv-daily-push/src/arxiv_daily_push/arxiv_adapter.py,arxiv-daily-push/schemas/source_item.schema.json,arxiv-daily-push/tests/test_arxiv_adapter.py,active,EXTRACTED,,adp-arxiv-adapter-parameters-v1,2026-06-21
PARAM-ADP-034,MOD-ADP-005,FORM-ADP-007,ARXIV_ACKNOWLEDGEMENT,arXiv data usage acknowledgement,source_adapter,string,text,Thank you to arXiv for use of its open access interoperability.,Thank you to arXiv for use of its open access interoperability.,Thank you to arXiv for use of its open access interoperability.,NOT_APPLICABLE,,,,NOT_APPLICABLE,NOT_APPLICABLE,metadata acknowledgement field,EXTRACTED from arxiv API access docs,offline parse test,missing acknowledgement weakens API compliance,arxiv-daily-push/src/arxiv_daily_push/arxiv_adapter.py,arxiv-daily-push/config/examples/sources.example.yaml,arxiv-daily-push/tests/test_arxiv_adapter.py,active,EXTRACTED,,adp-arxiv-adapter-parameters-v1,2026-06-21
PARAM-ADP-035,MOD-ADP-006,FORM-ADP-008,LESSON_MIN_SUPPORTED_CLAIMS,Minimum supported claims for lesson generation,lesson_gate,int,claims,1,1,1,NOT_APPLICABLE,,,,1,UNBOUNDED,len(supported_claim_ids) >= 1,EXTRACTED from lesson.py and Phase 6 scope,deterministic lesson tests,missing value would permit unsupported filler lessons,arxiv-daily-push/src/arxiv_daily_push/lesson.py,arxiv-daily-push/schemas/lesson.schema.json,arxiv-daily-push/tests/test_lesson.py,active,EXTRACTED,,adp-lesson-parameters-v1,2026-06-21
PARAM-ADP-036,MOD-ADP-006,FORM-ADP-008,LESSON_BODY_CLAIM_MARKERS_REQUIRED,Visible claim markers required in lesson section body,lesson_gate,bool,flag,true,true,true,NOT_APPLICABLE,,,,false,true,"for each section claim_id, body contains [claim_id]",EXTRACTED from lesson.py and evidence traceability requirement,deterministic validation tests,missing marker weakens auditability of generated lesson text,arxiv-daily-push/src/arxiv_daily_push/lesson.py,arxiv-daily-push/schemas/lesson.schema.json,arxiv-daily-push/tests/test_lesson.py,active,EXTRACTED,,adp-lesson-parameters-v1,2026-06-21
PARAM-ADP-037,MOD-ADP-007,FORM-ADP-009,TTS_REQUIRED_COMMANDS,TTS dry-run resource command list,tts_gate,list,commands,ffmpeg,ffmpeg,ffmpeg,NOT_APPLICABLE,,,,NOT_APPLICABLE,NOT_APPLICABLE,command_status per command,EXTRACTED from config.py and narration.py,deterministic narration tests,missing value weakens real TTS readiness reporting,arxiv-daily-push/src/arxiv_daily_push/config.py,arxiv-daily-push/config/examples/runtime.example.yaml,arxiv-daily-push/tests/test_narration.py,active,EXTRACTED,,adp-narration-parameters-v1,2026-06-21
PARAM-ADP-038,MOD-ADP-007,FORM-ADP-009,REAL_TTS_SYNTHESIS_ENABLED,Real TTS synthesis enabled,tts_gate,bool,flag,false,false,false,NOT_APPLICABLE,,,,false,true,tts_mode == dry_run,EXTRACTED from narration.py dry-run boundary,real TTS blocked test,true value would allow media generation before resource acceptance,arxiv-daily-push/src/arxiv_daily_push/narration.py,arxiv-daily-push/schemas/narration.schema.json,arxiv-daily-push/tests/test_narration.py,active,EXTRACTED,,adp-narration-parameters-v1,2026-06-21
PARAM-ADP-039,MOD-ADP-007,FORM-ADP-009,AUDIO_WRITE_ALLOWED,Audio write allowed in Phase 7,tts_gate,bool,flag,false,false,false,NOT_APPLICABLE,,,,false,true,audio_path forbidden in dry_run,EXTRACTED from narration.py local pressure policy,audio path rejection test,true value can create retained media artifacts,arxiv-daily-push/src/arxiv_daily_push/narration.py,arxiv-daily-push/schemas/narration.schema.json,arxiv-daily-push/tests/test_narration.py,active,EXTRACTED,,adp-narration-parameters-v1,2026-06-21
PARAM-ADP-040,MOD-ADP-007,FORM-ADP-009,MODEL_DOWNLOAD_ALLOWED,Model download allowed in Phase 7,tts_gate,bool,flag,false,false,false,NOT_APPLICABLE,,,,false,true,model_download_allowed is false,EXTRACTED from narration.py local pressure policy,resource gate test,true value can create cache/storage pressure,arxiv-daily-push/src/arxiv_daily_push/narration.py,arxiv-daily-push/schemas/narration.schema.json,arxiv-daily-push/tests/test_narration.py,active,EXTRACTED,,adp-narration-parameters-v1,2026-06-21
PARAM-ADP-041,MOD-ADP-008,FORM-ADP-010,VIDEO_REQUIRED_COMMANDS,Video dry-run resource command list,video_gate,list,commands,ffmpeg,ffmpeg,ffmpeg,NOT_APPLICABLE,,,,NOT_APPLICABLE,NOT_APPLICABLE,command_status per command,EXTRACTED from video.py,deterministic video tests,missing value weakens render readiness reporting,arxiv-daily-push/src/arxiv_daily_push/video.py,arxiv-daily-push/schemas/storyboard.schema.json,arxiv-daily-push/tests/test_video.py,active,EXTRACTED,,adp-video-parameters-v1,2026-06-21
PARAM-ADP-042,MOD-ADP-008,FORM-ADP-010,VIDEO_RENDER_ALLOWED,Video render allowed in Phase 8,video_gate,bool,flag,false,false,false,NOT_APPLICABLE,,,,false,true,video_render_allowed is false,EXTRACTED from video.py dry-run boundary,render blocked test,true value would create media before acceptance,arxiv-daily-push/src/arxiv_daily_push/video.py,arxiv-daily-push/schemas/storyboard.schema.json,arxiv-daily-push/tests/test_video.py,active,EXTRACTED,,adp-video-parameters-v1,2026-06-21
PARAM-ADP-043,MOD-ADP-008,FORM-ADP-010,MEDIA_WRITE_ALLOWED,Media write allowed in Phase 8,video_gate,bool,flag,false,false,false,NOT_APPLICABLE,,,,false,true,media paths forbidden,EXTRACTED from video.py local pressure policy,media path rejection test,true value can create retained media artifacts,arxiv-daily-push/src/arxiv_daily_push/video.py,arxiv-daily-push/schemas/storyboard.schema.json,arxiv-daily-push/tests/test_video.py,active,EXTRACTED,,adp-video-parameters-v1,2026-06-21
PARAM-ADP-044,MOD-ADP-008,FORM-ADP-010,ASSET_DOWNLOAD_ALLOWED,Asset download allowed in Phase 8,video_gate,bool,flag,false,false,false,NOT_APPLICABLE,,,,false,true,asset_download_allowed is false,EXTRACTED from video.py local pressure policy,resource gate test,true value can create cache/storage pressure,arxiv-daily-push/src/arxiv_daily_push/video.py,arxiv-daily-push/schemas/storyboard.schema.json,arxiv-daily-push/tests/test_video.py,active,EXTRACTED,,adp-video-parameters-v1,2026-06-21
PARAM-ADP-045,MOD-ADP-009,FORM-ADP-011,DAILY_DRY_RUN_STATE_SEQUENCE,Daily dry-run required state sequence,pipeline,list,states,created>health_checked>source_collected>evidence_bound>lesson_ready>storyboard_ready>publication_ready>notified>completed,created>health_checked>source_collected>evidence_bound>lesson_ready>storyboard_ready>publication_ready>notified>completed,created>health_checked>source_collected>evidence_bound>lesson_ready>storyboard_ready>publication_ready>notified>completed,NOT_APPLICABLE,,,,NOT_APPLICABLE,NOT_APPLICABLE,RunRecord transition graph,EXTRACTED from pipeline.py,pipeline tests,wrong order breaks replay safety,arxiv-daily-push/src/arxiv_daily_push/pipeline.py,arxiv-daily-push/schemas/run_record.schema.json,arxiv-daily-push/tests/test_pipeline.py,active,EXTRACTED,,adp-pipeline-parameters-v1,2026-06-21
PARAM-ADP-046,MOD-ADP-009,FORM-ADP-011,REAL_SMTP_SEND_ENABLED,Real SMTP send enabled in Phase 9,pipeline,bool,flag,false,false,false,NOT_APPLICABLE,,,,false,true,email preview only,EXTRACTED from pipeline.py and notifications.py,email preview test,true value would send email before transport acceptance,arxiv-daily-push/src/arxiv_daily_push/pipeline.py,arxiv-daily-push/config/examples/notification.example.yaml,arxiv-daily-push/tests/test_pipeline.py,active,EXTRACTED,,adp-pipeline-parameters-v1,2026-06-21
PARAM-ADP-047,MOD-ADP-009,FORM-ADP-011,SCHEDULER_EXECUTION_ENABLED,Scheduler execution enabled in Phase 9,pipeline,bool,flag,false,false,false,NOT_APPLICABLE,,,,false,true,manual CLI dry-run only,EXTRACTED from pipeline.py scope,CLI dry-run test,true value could run unattended before runner acceptance,arxiv-daily-push/src/arxiv_daily_push/pipeline.py,arxiv-daily-push/docs/pursuing_goal/06_PURSUING_GOAL_READY_PROMPT.md,arxiv-daily-push/tests/test_pipeline.py,active,EXTRACTED,,adp-pipeline-parameters-v1,2026-06-21
PARAM-ADP-048,MOD-ADP-010,FORM-ADP-012,HANDOFF_SCHEDULER_ENABLED,Scheduler enabled in Phase 10 handoff,handoff,bool,flag,false,false,false,NOT_APPLICABLE,,,,false,true,scheduler_enabled is false,EXTRACTED from handoff.py dry-run boundary,handoff tests,true value would enable unattended execution before acceptance,arxiv-daily-push/src/arxiv_daily_push/handoff.py,arxiv-daily-push/docs/pursuing_goal/06_PURSUING_GOAL_READY_PROMPT.md,arxiv-daily-push/tests/test_handoff.py,active,EXTRACTED,,adp-handoff-parameters-v1,2026-06-21
PARAM-ADP-049,MOD-ADP-010,FORM-ADP-012,RELEASE_UPLOAD_ALLOWED,Release upload allowed in Phase 10 handoff,handoff,bool,flag,false,false,false,NOT_APPLICABLE,,,,false,true,release_upload_allowed is false,EXTRACTED from handoff.py dry-run boundary,handoff tests,true value would publish artifacts before release acceptance,arxiv-daily-push/src/arxiv_daily_push/handoff.py,arxiv-daily-push/docs/pursuing_goal/06_PURSUING_GOAL_READY_PROMPT.md,arxiv-daily-push/tests/test_handoff.py,active,EXTRACTED,,adp-handoff-parameters-v1,2026-06-21
PARAM-ADP-050,MOD-ADP-010,FORM-ADP-012,HANDOFF_REAL_SMTP_SEND_ENABLED,Real SMTP send enabled in Phase 10 handoff,handoff,bool,flag,false,false,false,NOT_APPLICABLE,,,,false,true,real_smtp_send_enabled is false,EXTRACTED from handoff.py and notification policy,handoff tests,true value would email before transport acceptance,arxiv-daily-push/src/arxiv_daily_push/handoff.py,arxiv-daily-push/config/examples/notification.example.yaml,arxiv-daily-push/tests/test_handoff.py,active,EXTRACTED,,adp-handoff-parameters-v1,2026-06-21
PARAM-ADP-051,MOD-ADP-011,FORM-ADP-013,THIRTY_DAY_TRIAL_REQUIRED,30-day trial evidence required for production acceptance,acceptance_requirement,bool,flag,true,true,true,NOT_APPLICABLE,,,,false,true,operational_evidence.thirty_day_trial_passed,EXTRACTED from pursuing goal completion condition,acceptance tests,missing value blocks production acceptance,arxiv-daily-push/src/arxiv_daily_push/acceptance.py,arxiv-daily-push/docs/pursuing_goal/06_PURSUING_GOAL_READY_PROMPT.md,arxiv-daily-push/tests/test_acceptance.py,active,EXTRACTED,,adp-acceptance-parameters-v1,2026-06-21
PARAM-ADP-052,MOD-ADP-011,FORM-ADP-013,SCHEDULER_OPERATIONAL_REQUIRED,Scheduler and rerun evidence required for production acceptance,acceptance_requirement,bool,flag,true,true,true,NOT_APPLICABLE,,,,false,true,operational_evidence.scheduler_operational,EXTRACTED from pursuing goal scheduler requirement,acceptance tests,missing value blocks production acceptance,arxiv-daily-push/src/arxiv_daily_push/acceptance.py,arxiv-daily-push/docs/pursuing_goal/06_PURSUING_GOAL_READY_PROMPT.md,arxiv-daily-push/tests/test_acceptance.py,active,EXTRACTED,,adp-acceptance-parameters-v1,2026-06-21
PARAM-ADP-053,MOD-ADP-011,FORM-ADP-013,RELEASE_UPLOAD_VERIFIED_REQUIRED,Private Release evidence required for production acceptance,acceptance_requirement,bool,flag,true,true,true,NOT_APPLICABLE,,,,false,true,operational_evidence.release_upload_verified,EXTRACTED from pursuing goal Release requirement,acceptance tests,missing value blocks production acceptance,arxiv-daily-push/src/arxiv_daily_push/acceptance.py,arxiv-daily-push/docs/pursuing_goal/06_PURSUING_GOAL_READY_PROMPT.md,arxiv-daily-push/tests/test_acceptance.py,active,EXTRACTED,,adp-acceptance-parameters-v1,2026-06-21
PARAM-ADP-054,MOD-ADP-011,FORM-ADP-013,REAL_SMTP_VERIFIED_REQUIRED,Real SMTP evidence required for production acceptance,acceptance_requirement,bool,flag,true,true,true,NOT_APPLICABLE,,,,false,true,operational_evidence.real_smtp_verified,EXTRACTED from pursuing goal email requirement,acceptance tests,missing value blocks production acceptance,arxiv-daily-push/src/arxiv_daily_push/acceptance.py,arxiv-daily-push/config/examples/notification.example.yaml,arxiv-daily-push/tests/test_acceptance.py,active,EXTRACTED,,adp-acceptance-parameters-v1,2026-06-21
PARAM-ADP-055,MOD-ADP-011,FORM-ADP-013,RESOURCE_PRESSURE_OK_REQUIRED,Resource pressure evidence required for production acceptance,acceptance_requirement,bool,flag,true,true,true,NOT_APPLICABLE,,,,false,true,operational_evidence.resource_pressure_ok,EXTRACTED from pursuing goal resource policy,acceptance tests,missing value blocks production acceptance,arxiv-daily-push/src/arxiv_daily_push/acceptance.py,arxiv-daily-push/docs/pursuing_goal/06_PURSUING_GOAL_READY_PROMPT.md,arxiv-daily-push/tests/test_acceptance.py,active,EXTRACTED,,adp-acceptance-parameters-v1,2026-06-21
PARAM-ADP-056,MOD-ADP-011,FORM-ADP-013,EVIDENCE_REF_REQUIRED,Non-empty evidence reference required for each production pass requirement,acceptance_requirement,bool,flag,true,true,true,NOT_APPLICABLE,,,,false,true,passed requirement requires non-empty evidence_ref,EXTRACTED from completion audit hardening,acceptance regression tests,missing value could falsely mark production acceptance as pass,arxiv-daily-push/src/arxiv_daily_push/acceptance.py,arxiv-daily-push/docs/pursuing_goal/06_PURSUING_GOAL_READY_PROMPT.md,arxiv-daily-push/tests/test_acceptance.py,active,EXTRACTED,,adp-acceptance-parameters-v1.1,2026-06-21
PARAM-ADP-057,MOD-ADP-012,FORM-ADP-014,TRIAL_DAYS_REQUIRED,Minimum unique daily trial days required,trial_evidence,int,days,30,30,30,NOT_APPLICABLE,,,,1,UNBOUNDED,unique daily dates >= 30,EXTRACTED from pursuing goal completion condition,trial evidence tests,lower value would weaken production acceptance,arxiv-daily-push/src/arxiv_daily_push/trial.py,arxiv-daily-push/schemas/trial_evidence.schema.json,arxiv-daily-push/tests/test_trial.py,active,EXTRACTED,,adp-trial-evidence-parameters-v1,2026-06-21
PARAM-ADP-058,MOD-ADP-012,FORM-ADP-014,TRIAL_TARGET_LOCAL_TIME,Required daily scheduler local time,trial_evidence,string,time,05:00,05:00,05:00,NOT_APPLICABLE,,,,NOT_APPLICABLE,NOT_APPLICABLE,daily scheduled_local_time == 05:00,EXTRACTED from pursuing goal daily cadence,trial evidence tests,wrong value would validate off-schedule runs,arxiv-daily-push/src/arxiv_daily_push/trial.py,arxiv-daily-push/docs/pursuing_goal/06_PURSUING_GOAL_READY_PROMPT.md,arxiv-daily-push/tests/test_trial.py,active,EXTRACTED,,adp-trial-evidence-parameters-v1,2026-06-21
PARAM-ADP-059,MOD-ADP-012,FORM-ADP-014,TRIAL_UNIQUE_PUBLICATION_REQUIRED,Unique source and publication IDs required across trial,trial_evidence,bool,flag,true,true,true,NOT_APPLICABLE,,,,false,true,no duplicate source_id or publication_id,EXTRACTED from no duplicate publication requirement,trial evidence tests,duplicates would overstate trial coverage,arxiv-daily-push/src/arxiv_daily_push/trial.py,arxiv-daily-push/schemas/trial_evidence.schema.json,arxiv-daily-push/tests/test_trial.py,active,EXTRACTED,,adp-trial-evidence-parameters-v1,2026-06-21
PARAM-ADP-060,MOD-ADP-012,FORM-ADP-014,TRIAL_P0_TRACEABILITY_REQUIRED,P0 claim traceability required for every daily run,trial_evidence,bool,flag,true,true,true,NOT_APPLICABLE,,,,false,true,p0_claims_traceable is true,EXTRACTED from evidence traceability completion condition,trial evidence tests,untraceable key facts would allow unsafe publication,arxiv-daily-push/src/arxiv_daily_push/trial.py,arxiv-daily-push/schemas/trial_evidence.schema.json,arxiv-daily-push/tests/test_trial.py,active,EXTRACTED,,adp-trial-evidence-parameters-v1,2026-06-21
PARAM-ADP-061,MOD-ADP-012,FORM-ADP-014,TRIAL_WEEKLY_MONTHLY_REPLAY_REQUIRED,Weekly and monthly replay evidence required,trial_evidence,bool,flag,true,true,true,NOT_APPLICABLE,,,,false,true,weekly_replay_verified and monthly_replay_verified are true,EXTRACTED from pursuing goal weekly monthly completion condition,trial evidence tests,missing replay proof would leave Phase 11 incomplete,arxiv-daily-push/src/arxiv_daily_push/trial.py,arxiv-daily-push/docs/pursuing_goal/06_PURSUING_GOAL_READY_PROMPT.md,arxiv-daily-push/tests/test_trial.py,active,EXTRACTED,,adp-trial-evidence-parameters-v1,2026-06-21
PARAM-ADP-062,MOD-ADP-012,FORM-ADP-014,TRIAL_RECOVERY_DRILL_REQUIRED,Failure recovery drill evidence required,trial_evidence,bool,flag,true,true,true,NOT_APPLICABLE,,,,false,true,failure_recovery_drill_verified is true,EXTRACTED from recovery drill completion condition,trial evidence tests,missing recovery proof weakens unattended operation,arxiv-daily-push/src/arxiv_daily_push/trial.py,arxiv-daily-push/docs/pursuing_goal/06_PURSUING_GOAL_READY_PROMPT.md,arxiv-daily-push/tests/test_trial.py,active,EXTRACTED,,adp-trial-evidence-parameters-v1,2026-06-21
PARAM-ADP-063,MOD-ADP-012,FORM-ADP-014,TRIAL_RESOURCE_SECRET_HYGIENE_REQUIRED,Resource and secret hygiene evidence required,trial_evidence,bool,flag,true,true,true,NOT_APPLICABLE,,,,false,true,disk memory cache secrets and git media flags are true,EXTRACTED from local pressure policy,trial evidence tests,missing resource proof risks local pressure or leakage,arxiv-daily-push/src/arxiv_daily_push/trial.py,arxiv-daily-push/schemas/trial_evidence.schema.json,arxiv-daily-push/tests/test_trial.py,active,EXTRACTED,,adp-trial-evidence-parameters-v1,2026-06-21
PARAM-ADP-064,MOD-ADP-011,FORM-ADP-013,VALIDATED_TRIAL_REPORT_REQUIRED,Production acceptance evidence must come from validated trial report,acceptance_requirement,bool,flag,true,true,true,NOT_APPLICABLE,,,,false,true,evidence validator == adp-trial-evidence-v1 and normalized report flag true,EXTRACTED from Phase 11 trial validator hardening,acceptance regression tests,raw booleans could bypass real trial validation,arxiv-daily-push/src/arxiv_daily_push/acceptance.py,arxiv-daily-push/docs/phase_records/PHASE_11_TRIAL_EVIDENCE_VALIDATOR.md,arxiv-daily-push/tests/test_acceptance.py,active,EXTRACTED,,adp-acceptance-parameters-v1.2,2026-06-21
PARAM-ADP-065,MOD-ADP-013,FORM-ADP-015,PRODUCTION_REQUIRED_COMMANDS,Required production runtime command list,production_preflight,list,commands,python3;git;node;npm;gh;ffmpeg;docker;codex,python3;git;node;npm;gh;ffmpeg;docker;codex,python3;git;node;npm;gh;ffmpeg;docker;codex,NOT_APPLICABLE,,,,NOT_APPLICABLE,NOT_APPLICABLE,shutil.which per command,EXTRACTED from A+C architecture and Phase 0 blocker list,preflight tests,missing command would fail scheduled run,arxiv-daily-push/src/arxiv_daily_push/production_preflight.py,arxiv-daily-push/docs/pursuing_goal/06_PURSUING_GOAL_READY_PROMPT.md,arxiv-daily-push/tests/test_production_preflight.py,active,EXTRACTED,,adp-production-preflight-parameters-v1,2026-06-21
PARAM-ADP-066,MOD-ADP-013,FORM-ADP-015,PRODUCTION_SECRET_ENV_KEYS_REQUIRED,Required production secret environment key presence,production_preflight,list,env_keys,ADP_SMTP_HOST;ADP_SMTP_PORT;ADP_SMTP_USERNAME;ADP_SMTP_PASSWORD;ADP_RELEASE_TARGET;ADP_SELF_HOSTED_RUNNER_LABEL,ADP_SMTP_HOST;ADP_SMTP_PORT;ADP_SMTP_USERNAME;ADP_SMTP_PASSWORD;ADP_RELEASE_TARGET;ADP_SELF_HOSTED_RUNNER_LABEL,ADP_SMTP_HOST;ADP_SMTP_PORT;ADP_SMTP_USERNAME;ADP_SMTP_PASSWORD;ADP_RELEASE_TARGET;ADP_SELF_HOSTED_RUNNER_LABEL,NOT_APPLICABLE,,,,NOT_APPLICABLE,NOT_APPLICABLE,key present and value not logged,EXTRACTED from SMTP runner Release requirements,preflight tests,missing secret key would fail real notification or release,arxiv-daily-push/src/arxiv_daily_push/production_preflight.py,arxiv-daily-push/config/examples/notification.example.yaml,arxiv-daily-push/tests/test_production_preflight.py,active,EXTRACTED,,adp-production-preflight-parameters-v1,2026-06-21
PARAM-ADP-067,MOD-ADP-013,FORM-ADP-015,PRODUCTION_MIN_FREE_DISK_GIB,Minimum free disk before production run,production_preflight,float,GiB,80,80,80,NOT_APPLICABLE,,,,0,UNBOUNDED,free_gib >= 80,EXTRACTED from local pressure policy,preflight tests,low disk can create failed media/cache run,arxiv-daily-push/src/arxiv_daily_push/production_preflight.py,arxiv-daily-push/config/examples/runtime.example.yaml,arxiv-daily-push/tests/test_production_preflight.py,active,EXTRACTED,,adp-production-preflight-parameters-v1,2026-06-21
PARAM-ADP-068,MOD-ADP-013,FORM-ADP-015,PRODUCTION_MIN_MEMORY_GIB,Minimum total memory before production run,production_preflight,float,GiB,8,8,8,NOT_APPLICABLE,,,,0,UNBOUNDED,total_memory_gib >= 8,EXTRACTED from Phase 0 local machine audit and resource policy,preflight tests,low memory can destabilize media generation,arxiv-daily-push/src/arxiv_daily_push/production_preflight.py,arxiv-daily-push/docs/pursuing_goal/06_PURSUING_GOAL_READY_PROMPT.md,arxiv-daily-push/tests/test_production_preflight.py,active,EXTRACTED,,adp-production-preflight-parameters-v1,2026-06-21
PARAM-ADP-069,MOD-ADP-013,FORM-ADP-015,PRODUCTION_FORBIDDEN_GIT_ARTIFACTS,Forbidden Git artifact and secret suffixes,production_preflight,list,suffixes,.mp4;.mov;.wav;.flac;.m4a;.safetensors;.ckpt;.pt;.pth;.pem;.key;.env;auth.json,.mp4;.mov;.wav;.flac;.m4a;.safetensors;.ckpt;.pt;.pth;.pem;.key;.env;auth.json,.mp4;.mov;.wav;.flac;.m4a;.safetensors;.ckpt;.pt;.pth;.pem;.key;.env;auth.json,NOT_APPLICABLE,,,,NOT_APPLICABLE,NOT_APPLICABLE,tracked or untracked file path suffix/name check,EXTRACTED from Git storage and secret policy,preflight tests,forbidden artifacts can leak secrets or bloat repo,arxiv-daily-push/src/arxiv_daily_push/production_preflight.py,arxiv-daily-push/.gitignore,arxiv-daily-push/tests/test_production_preflight.py,active,EXTRACTED,,adp-production-preflight-parameters-v1,2026-06-21
PARAM-ADP-070,MOD-ADP-013,FORM-ADP-015,PRODUCTION_LOCAL_ARTIFACT_DIRS_EMPTY,Local artifact and cache directories must be empty,production_preflight,list,dirs,.cache;tmp;staging;renders;media;models;model_weights;voice_samples;release_assets,.cache;tmp;staging;renders;media;models;model_weights;voice_samples;release_assets,.cache;tmp;staging;renders;media;models;model_weights;voice_samples;release_assets,NOT_APPLICABLE,,,,NOT_APPLICABLE,NOT_APPLICABLE,directory missing or empty,EXTRACTED from local pressure policy,preflight tests,retained cache can exhaust local storage,arxiv-daily-push/src/arxiv_daily_push/production_preflight.py,arxiv-daily-push/.gitignore,arxiv-daily-push/tests/test_production_preflight.py,active,EXTRACTED,,adp-production-preflight-parameters-v1,2026-06-21
PARAM-ADP-071,MOD-ADP-014,FORM-ADP-016,TRIAL_BOOTSTRAP_WORKFLOW_PATH,Manual trial bootstrap workflow path,trial_bootstrap,string,path,.github/workflows/arxiv-daily-push-production-trial.yml,.github/workflows/arxiv-daily-push-production-trial.yml,.github/workflows/arxiv-daily-push-production-trial.yml,NOT_APPLICABLE,,,,NOT_APPLICABLE,NOT_APPLICABLE,workflow file must exist,EXTRACTED from workflow bootstrap implementation,trial bootstrap tests,missing workflow leaves no executable trial entrypoint,arxiv-daily-push/src/arxiv_daily_push/trial_bootstrap.py,.github/workflows/arxiv-daily-push-production-trial.yml,arxiv-daily-push/tests/test_trial_bootstrap.py,active,EXTRACTED,,adp-trial-bootstrap-parameters-v1,2026-06-21
PARAM-ADP-072,MOD-ADP-014,FORM-ADP-016,TRIAL_BOOTSTRAP_CONFIRMATION_REQUIRED,Manual confirmation required before self-hosted preflight,trial_bootstrap,bool,flag,true,true,true,NOT_APPLICABLE,,,,false,true,confirm_production_trial == true gate,EXTRACTED from workflow bootstrap guard,trial bootstrap tests,false could start runner work accidentally,arxiv-daily-push/src/arxiv_daily_push/trial_bootstrap.py,.github/workflows/arxiv-daily-push-production-trial.yml,arxiv-daily-push/tests/test_trial_bootstrap.py,active,EXTRACTED,,adp-trial-bootstrap-parameters-v1,2026-06-21
PARAM-ADP-073,MOD-ADP-014,FORM-ADP-016,TRIAL_BOOTSTRAP_PREFLIGHT_FIRST,Production preflight must run before tests or trial work,trial_bootstrap,bool,flag,true,true,true,NOT_APPLICABLE,,,,false,true,preflight-production appears before project tests,EXTRACTED from workflow bootstrap ordering,trial bootstrap tests,false could perform trial work before safety gates,arxiv-daily-push/src/arxiv_daily_push/trial_bootstrap.py,.github/workflows/arxiv-daily-push-production-trial.yml,arxiv-daily-push/tests/test_trial_bootstrap.py,active,EXTRACTED,,adp-trial-bootstrap-parameters-v1,2026-06-21
PARAM-ADP-074,MOD-ADP-014,FORM-ADP-016,TRIAL_BOOTSTRAP_SIDE_EFFECTS_DISABLED,Bootstrap side effects disabled,trial_bootstrap,bool,flag,true,true,true,NOT_APPLICABLE,,,,false,true,no schedule no release upload no SMTP send no Codex auth read,EXTRACTED from bootstrap boundary,trial bootstrap tests,false could claim production before prerequisites,arxiv-daily-push/src/arxiv_daily_push/trial_bootstrap.py,arxiv-daily-push/docs/runbooks/PRODUCTION_TRIAL_RUNBOOK.md,arxiv-daily-push/tests/test_trial_bootstrap.py,active,EXTRACTED,,adp-trial-bootstrap-parameters-v1,2026-06-21
PARAM-ADP-075,MOD-ADP-015,FORM-ADP-017,SOURCE_INGEST_MAX_RESULTS,Maximum arXiv results per live ingest call,source_ingest,int,items,25,25,25,NOT_APPLICABLE,,,,1,25,max_results <= 25,EXTRACTED from low-pressure source ingest policy,source ingest tests,higher values increase API and local processing load,arxiv-daily-push/src/arxiv_daily_push/source_ingest.py,arxiv-daily-push/schemas/source_batch.schema.json,arxiv-daily-push/tests/test_source_ingest.py,active,EXTRACTED,,adp-source-ingest-parameters-v1,2026-06-21
PARAM-ADP-076,MOD-ADP-015,FORM-ADP-017,SOURCE_INGEST_DEFAULT_QUERY,Default arXiv query for first source object,source_ingest,string,query,cat:cs.AI,cat:cs.AI,cat:cs.AI,NOT_APPLICABLE,,,,NOT_APPLICABLE,NOT_APPLICABLE,CLI default query,EXTRACTED from source config and initial arXiv scope,source ingest tests,wrong default can fetch irrelevant daily candidates,arxiv-daily-push/src/arxiv_daily_push/cli.py,arxiv-daily-push/config/examples/sources.example.yaml,arxiv-daily-push/tests/test_source_ingest.py,active,EXTRACTED,,adp-source-ingest-parameters-v1,2026-06-21
PARAM-ADP-077,MOD-ADP-015,FORM-ADP-017,SOURCE_INGEST_PDF_DOWNLOAD_ENABLED,PDF download allowed during source ingest,source_ingest,bool,flag,false,false,false,NOT_APPLICABLE,,,,false,true,source_policy.pdf_download_enabled is false,EXTRACTED from low storage and evidence-first policy,source ingest tests,true could create large local artifacts,arxiv-daily-push/src/arxiv_daily_push/source_ingest.py,arxiv-daily-push/docs/pursuing_goal/06_PURSUING_GOAL_READY_PROMPT.md,arxiv-daily-push/tests/test_source_ingest.py,active,EXTRACTED,,adp-source-ingest-parameters-v1,2026-06-21
PARAM-ADP-078,MOD-ADP-015,FORM-ADP-017,SOURCE_INGEST_BULK_HARVEST_ENABLED,Bulk harvest allowed during source ingest,source_ingest,bool,flag,false,false,false,NOT_APPLICABLE,,,,false,true,source_policy.bulk_harvest_enabled is false,EXTRACTED from low pressure source policy,source ingest tests,true could overload API or local storage,arxiv-daily-push/src/arxiv_daily_push/source_ingest.py,arxiv-daily-push/docs/pursuing_goal/06_PURSUING_GOAL_READY_PROMPT.md,arxiv-daily-push/tests/test_source_ingest.py,active,EXTRACTED,,adp-source-ingest-parameters-v1,2026-06-21
PARAM-ADP-079,MOD-ADP-015,FORM-ADP-017,SOURCE_INGEST_DUPLICATE_FILTER_REQUIRED,Duplicate source ID filtering required,source_ingest,bool,flag,true,true,true,NOT_APPLICABLE,,,,false,true,new_items exclude seen_source_ids,EXTRACTED from no duplicate publication requirement,source ingest tests,false could republish the same source,arxiv-daily-push/src/arxiv_daily_push/source_ingest.py,arxiv-daily-push/schemas/source_batch.schema.json,arxiv-daily-push/tests/test_source_ingest.py,active,EXTRACTED,,adp-source-ingest-parameters-v1,2026-06-21
PARAM-ADP-080,MOD-ADP-015,FORM-ADP-017,SOURCE_INGEST_TLS_VERIFY_REQUIRED,TLS certificate verification required for arXiv HTTPS fetch,source_ingest,bool,flag,true,true,true,NOT_APPLICABLE,,,,false,true,urllib default TLS verification with no insecure fallback,EXTRACTED from secure source ingest policy,live fetch blocker evidence,false could hide MITM or source integrity risk,arxiv-daily-push/src/arxiv_daily_push/arxiv_adapter.py,arxiv-daily-push/docs/phase_records/PHASE_11_LIVE_ARXIV_INGEST.md,arxiv-daily-push/tests/test_source_ingest.py,active,EXTRACTED,,adp-source-ingest-parameters-v1,2026-06-21
PARAM-ADP-081,MOD-ADP-016,FORM-ADP-018,SMTP_SECRET_ENV_KEYS,SMTP environment key names required for real send,smtp_delivery,list,env_keys,ADP_SMTP_HOST;ADP_SMTP_PORT;ADP_SMTP_USERNAME;ADP_SMTP_PASSWORD,ADP_SMTP_HOST;ADP_SMTP_PORT;ADP_SMTP_USERNAME;ADP_SMTP_PASSWORD,ADP_SMTP_HOST;ADP_SMTP_PORT;ADP_SMTP_USERNAME;ADP_SMTP_PASSWORD,NOT_APPLICABLE,,,,NOT_APPLICABLE,NOT_APPLICABLE,key presence only values not logged,EXTRACTED from SMTP delivery implementation,notification tests,missing key blocks real notification,arxiv-daily-push/src/arxiv_daily_push/smtp_delivery.py,arxiv-daily-push/config/examples/notification.example.yaml,arxiv-daily-push/tests/test_notifications.py,active,EXTRACTED,,adp-smtp-delivery-parameters-v1,2026-06-21
PARAM-ADP-082,MOD-ADP-016,FORM-ADP-018,SMTP_DRY_RUN_DEFAULT,Dry-run default for notification delivery,smtp_delivery,bool,flag,true,true,true,NOT_APPLICABLE,,,,false,true,allow_send false returns dry_run without SMTP connection,EXTRACTED from fail-closed notification policy,CLI dry-run test,false could accidentally send mail,arxiv-daily-push/src/arxiv_daily_push/smtp_delivery.py,arxiv-daily-push/config/examples/notification.example.yaml,arxiv-daily-push/tests/test_cli.py,active,EXTRACTED,,adp-smtp-delivery-parameters-v1,2026-06-21
PARAM-ADP-083,MOD-ADP-016,FORM-ADP-018,SMTP_ALLOW_SEND_EXPLICIT_REQUIRED,Explicit allow-send flag required for real SMTP,smtp_delivery,bool,flag,true,true,true,NOT_APPLICABLE,,,,false,true,real_smtp_send_enabled only true when allow_send is true,EXTRACTED from production notification safety policy,notification tests,false could enable real mail implicitly,arxiv-daily-push/src/arxiv_daily_push/smtp_delivery.py,arxiv-daily-push/docs/runbooks/PRODUCTION_TRIAL_RUNBOOK.md,arxiv-daily-push/tests/test_notifications.py,active,EXTRACTED,,adp-smtp-delivery-parameters-v1,2026-06-21
PARAM-ADP-084,MOD-ADP-016,FORM-ADP-018,SMTP_TLS_REQUIRED,TLS required for real SMTP send,smtp_delivery,bool,flag,true,true,true,NOT_APPLICABLE,,,,false,true,starttls is called before login when require_tls true,EXTRACTED from SMTP delivery implementation,mocked SMTP test,false could expose credentials over plaintext SMTP,arxiv-daily-push/src/arxiv_daily_push/smtp_delivery.py,arxiv-daily-push/config/examples/notification.example.yaml,arxiv-daily-push/tests/test_notifications.py,active,EXTRACTED,,adp-smtp-delivery-parameters-v1,2026-06-21
PARAM-ADP-085,MOD-ADP-016,FORM-ADP-018,SMTP_TIMEOUT_SECONDS,SMTP connection timeout seconds,smtp_delivery,int,seconds,30,30,30,NOT_APPLICABLE,,,,1,300,timeout passed to SMTP factory,EXTRACTED from SMTP delivery implementation,mocked SMTP test,too high can hang scheduled notification too low can create false failures,arxiv-daily-push/src/arxiv_daily_push/smtp_delivery.py,arxiv-daily-push/config/examples/notification.example.yaml,arxiv-daily-push/tests/test_notifications.py,active,EXTRACTED,,adp-smtp-delivery-parameters-v1,2026-06-21
PARAM-ADP-086,MOD-ADP-017,FORM-ADP-019,RELEASE_TARGET_ENV_KEY,Release target environment key,release_delivery,string,env_key,ADP_RELEASE_TARGET,ADP_RELEASE_TARGET,ADP_RELEASE_TARGET,NOT_APPLICABLE,,,,NOT_APPLICABLE,NOT_APPLICABLE,target from env or CLI,EXTRACTED from Release delivery implementation,release delivery tests,missing target blocks real Release upload,arxiv-daily-push/src/arxiv_daily_push/release_delivery.py,arxiv-daily-push/config/examples/runtime.example.yaml,arxiv-daily-push/tests/test_release_delivery.py,active,EXTRACTED,,adp-release-delivery-parameters-v1,2026-06-21
PARAM-ADP-087,MOD-ADP-017,FORM-ADP-019,RELEASE_DRY_RUN_DEFAULT,Dry-run default for Release delivery,release_delivery,bool,flag,true,true,true,NOT_APPLICABLE,,,,false,true,allow_upload false returns dry_run without gh call,EXTRACTED from fail-closed Release policy,CLI dry-run test,false could create Releases implicitly,arxiv-daily-push/src/arxiv_daily_push/release_delivery.py,arxiv-daily-push/docs/runbooks/PRODUCTION_TRIAL_RUNBOOK.md,arxiv-daily-push/tests/test_cli.py,active,EXTRACTED,,adp-release-delivery-parameters-v1,2026-06-21
PARAM-ADP-088,MOD-ADP-017,FORM-ADP-019,RELEASE_ALLOW_UPLOAD_EXPLICIT_REQUIRED,Explicit allow-upload flag required for real Release creation,release_delivery,bool,flag,true,true,true,NOT_APPLICABLE,,,,false,true,release_upload_enabled only true when allow_upload is true,EXTRACTED from production Release safety policy,release delivery tests,false could upload Releases implicitly,arxiv-daily-push/src/arxiv_daily_push/release_delivery.py,arxiv-daily-push/docs/runbooks/PRODUCTION_TRIAL_RUNBOOK.md,arxiv-daily-push/tests/test_release_delivery.py,active,EXTRACTED,,adp-release-delivery-parameters-v1,2026-06-21
PARAM-ADP-089,MOD-ADP-017,FORM-ADP-019,MAX_RELEASE_ASSET_MIB,Maximum Release asset size for this delivery boundary,release_delivery,int,MiB,20,20,20,NOT_APPLICABLE,,,,1,20,asset size must be positive and <= max_asset_mib,EXTRACTED from low storage release policy,release delivery tests,higher values can increase local storage pressure before upload,arxiv-daily-push/src/arxiv_daily_push/release_delivery.py,arxiv-daily-push/config/examples/runtime.example.yaml,arxiv-daily-push/tests/test_release_delivery.py,active,EXTRACTED,,adp-release-delivery-parameters-v1,2026-06-21
PARAM-ADP-090,MOD-ADP-017,FORM-ADP-019,FORBIDDEN_RELEASE_ASSET_PATTERNS,Secret-like and model-weight Release assets blocked by default,release_delivery,list,path_patterns,.env;auth.json;id_ed25519;id_rsa;.ckpt;.key;.pem;.pt;.pth;.safetensors,.env;auth.json;id_ed25519;id_rsa;.ckpt;.key;.pem;.pt;.pth;.safetensors,.env;auth.json;id_ed25519;id_rsa;.ckpt;.key;.pem;.pt;.pth;.safetensors,NOT_APPLICABLE,,,,NOT_APPLICABLE,NOT_APPLICABLE,name or suffix gate before gh call,EXTRACTED from secret and model artifact policy,release delivery tests,unsafe assets could leak secrets or model weights through Release,arxiv-daily-push/src/arxiv_daily_push/release_delivery.py,arxiv-daily-push/docs/pursuing_goal/06_PURSUING_GOAL_READY_PROMPT.md,arxiv-daily-push/tests/test_release_delivery.py,active,EXTRACTED,,adp-release-delivery-parameters-v1,2026-06-21
PARAM-ADP-091,MOD-ADP-017,FORM-ADP-019,RELEASE_NO_CLOBBER_AND_NO_OUTPUT_LOGGING,No clobber upload and no gh output logging,release_delivery,bool,flag,true,true,true,NOT_APPLICABLE,,,,false,true,command preview excludes --clobber and stdout stderr logged flags are false,EXTRACTED from Release evidence safety policy,release delivery tests,false could overwrite assets or leak sensitive command output,arxiv-daily-push/src/arxiv_daily_push/release_delivery.py,arxiv-daily-push/schemas/release_delivery.schema.json,arxiv-daily-push/tests/test_release_delivery.py,active,EXTRACTED,,adp-release-delivery-parameters-v1,2026-06-21
PARAM-ADP-092,MOD-ADP-018,FORM-ADP-020,SCHEDULER_TIMEZONE_AND_SLOTS,Timezone-aware scheduled production slots,production_scheduler,list,local_times,Australia/Sydney:04:45;05:00;05:10,Australia/Sydney:04:45;05:00;05:10,Australia/Sydney:04:45;05:00;05:10,NOT_APPLICABLE,,,,NOT_APPLICABLE,NOT_APPLICABLE,workflow schedule entries include timezone Australia/Sydney and required local times,EXTRACTED from scheduled workflow and GitHub Actions docs,scheduler tests,wrong timezone or missing slot can miss health daily or watchdog gates,arxiv-daily-push/src/arxiv_daily_push/production_scheduler.py,.github/workflows/arxiv-daily-push-scheduled.yml,arxiv-daily-push/tests/test_production_scheduler.py,active,EXTRACTED,,adp-production-scheduler-parameters-v1,2026-06-21
PARAM-ADP-093,MOD-ADP-018,FORM-ADP-020,SCHEDULER_PRODUCTION_ENABLED_VAR,GitHub variable required before scheduled self-hosted work runs,production_scheduler,string,env_var,ADP_PRODUCTION_ENABLED,ADP_PRODUCTION_ENABLED,ADP_PRODUCTION_ENABLED,NOT_APPLICABLE,,,,NOT_APPLICABLE,NOT_APPLICABLE,scheduled gate should_run remains false unless variable is true,EXTRACTED from fail-closed scheduled workflow,scheduler tests,missing gate could start production on merge,arxiv-daily-push/src/arxiv_daily_push/production_scheduler.py,.github/workflows/arxiv-daily-push-scheduled.yml,arxiv-daily-push/tests/test_production_scheduler.py,active,EXTRACTED,,adp-production-scheduler-parameters-v1,2026-06-21
PARAM-ADP-094,MOD-ADP-018,FORM-ADP-020,SCHEDULER_RUN_ENABLED_VAR,GitHub variable required before scheduled mode side effects continue,production_scheduler,string,env_var,ADP_SCHEDULED_RUN_ENABLED,ADP_SCHEDULED_RUN_ENABLED,ADP_SCHEDULED_RUN_ENABLED,NOT_APPLICABLE,,,,NOT_APPLICABLE,NOT_APPLICABLE,scheduled mode fails closed unless variable is true,EXTRACTED from scheduler gate workflow,scheduler tests,missing gate could execute incomplete daily production path,arxiv-daily-push/src/arxiv_daily_push/production_scheduler.py,arxiv-daily-push/config/examples/runtime.example.yaml,arxiv-daily-push/tests/test_production_scheduler.py,active,EXTRACTED,,adp-production-scheduler-parameters-v1,2026-06-21
PARAM-ADP-095,MOD-ADP-018,FORM-ADP-020,SCHEDULER_PREFLIGHT_FIRST_ARTIFACT,Preflight-first scheduled evidence artifact,production_scheduler,string,artifact_name,adp-scheduled-preflight,adp-scheduled-preflight,adp-scheduled-preflight,NOT_APPLICABLE,,,,NOT_APPLICABLE,NOT_APPLICABLE,preflight-production appears before scheduled mode and artifact is uploaded,EXTRACTED from scheduler workflow ordering,scheduler tests,missing preflight evidence could allow unsafe scheduled execution,arxiv-daily-push/src/arxiv_daily_push/production_scheduler.py,.github/workflows/arxiv-daily-push-scheduled.yml,arxiv-daily-push/tests/test_production_scheduler.py,active,EXTRACTED,,adp-production-scheduler-parameters-v1,2026-06-21
PARAM-ADP-096,MOD-ADP-018,FORM-ADP-020,SCHEDULER_SIDE_EFFECTS_DISABLED,SMTP and Release side effects disabled in scheduler gate,production_scheduler,bool,flag,true,true,true,NOT_APPLICABLE,,,,false,true,workflow contains no --allow-send --allow-upload or gh release command,EXTRACTED from scheduler side-effect boundary,scheduler tests,false could send email or upload Release before controlled enablement,arxiv-daily-push/src/arxiv_daily_push/production_scheduler.py,.github/workflows/arxiv-daily-push-scheduled.yml,arxiv-daily-push/tests/test_production_scheduler.py,active,EXTRACTED,,adp-production-scheduler-parameters-v1,2026-06-21
PARAM-ADP-097,MOD-ADP-019,FORM-ADP-021,SCHEDULED_EXECUTION_MODES,Allowed scheduled execution modes,scheduled_execution,list,modes,health-check;daily-run;watchdog,health-check;daily-run;watchdog,health-check;daily-run;watchdog,NOT_APPLICABLE,,,,NOT_APPLICABLE,NOT_APPLICABLE,mode in allowed set,EXTRACTED from scheduled_execution.py,scheduled execution tests,unsupported mode could create unaudited scheduled work,arxiv-daily-push/src/arxiv_daily_push/scheduled_execution.py,arxiv-daily-push/schemas/scheduled_execution.schema.json,arxiv-daily-push/tests/test_scheduled_execution.py,active,EXTRACTED,,adp-scheduled-execution-parameters-v1,2026-06-21
PARAM-ADP-098,MOD-ADP-019,FORM-ADP-021,SCHEDULED_EXECUTION_RUN_ENABLED_VAR,Environment variable required before daily scheduled execution,scheduled_execution,string,env_var,ADP_SCHEDULED_RUN_ENABLED,ADP_SCHEDULED_RUN_ENABLED,ADP_SCHEDULED_RUN_ENABLED,NOT_APPLICABLE,,,,NOT_APPLICABLE,NOT_APPLICABLE,daily-run blocks unless variable is true,EXTRACTED from scheduled execution driver,scheduled execution tests,missing gate could run daily work before readiness,arxiv-daily-push/src/arxiv_daily_push/scheduled_execution.py,arxiv-daily-push/config/examples/runtime.example.yaml,arxiv-daily-push/tests/test_scheduled_execution.py,active,EXTRACTED,,adp-scheduled-execution-parameters-v1,2026-06-21
PARAM-ADP-099,MOD-ADP-019,FORM-ADP-021,SCHEDULED_EXECUTION_SMTP_SEND_VAR,Environment variable required for real SMTP from scheduler,scheduled_execution,string,env_var,ADP_ALLOW_SMTP_SEND,ADP_ALLOW_SMTP_SEND,ADP_ALLOW_SMTP_SEND,NOT_APPLICABLE,,,,NOT_APPLICABLE,NOT_APPLICABLE,SMTP allow-send passed internally only when env true,EXTRACTED from scheduled execution driver,scheduled execution tests,false could send mail implicitly,arxiv-daily-push/src/arxiv_daily_push/scheduled_execution.py,arxiv-daily-push/config/examples/runtime.example.yaml,arxiv-daily-push/tests/test_scheduled_execution.py,active,EXTRACTED,,adp-scheduled-execution-parameters-v1,2026-06-21
PARAM-ADP-100,MOD-ADP-019,FORM-ADP-021,SCHEDULED_EXECUTION_RELEASE_UPLOAD_VAR,Environment variable required for real Release from scheduler,scheduled_execution,string,env_var,ADP_ALLOW_RELEASE_UPLOAD,ADP_ALLOW_RELEASE_UPLOAD,ADP_ALLOW_RELEASE_UPLOAD,NOT_APPLICABLE,,,,NOT_APPLICABLE,NOT_APPLICABLE,Release allow-upload passed internally only when env true,EXTRACTED from scheduled execution driver,scheduled execution tests,false could upload Release implicitly,arxiv-daily-push/src/arxiv_daily_push/scheduled_execution.py,arxiv-daily-push/config/examples/runtime.example.yaml,arxiv-daily-push/tests/test_scheduled_execution.py,active,EXTRACTED,,adp-scheduled-execution-parameters-v1,2026-06-21
PARAM-ADP-101,MOD-ADP-019,FORM-ADP-021,SCHEDULED_EXECUTION_PRODUCTION_REFS_REQUIRED,Production evidence refs required for daily scheduled execution,scheduled_execution,list,refs,daily_run_ref;release_ref;email_ref;resource_gate_ref,daily_run_ref;release_ref;email_ref;resource_gate_ref,daily_run_ref;release_ref;email_ref;resource_gate_ref,NOT_APPLICABLE,,,,NOT_APPLICABLE,NOT_APPLICABLE,production_evidence_ready requires all refs,EXTRACTED from scheduled execution validation,scheduled execution tests,missing refs would make dry-run look like production evidence,arxiv-daily-push/src/arxiv_daily_push/scheduled_execution.py,arxiv-daily-push/schemas/scheduled_execution.schema.json,arxiv-daily-push/tests/test_scheduled_execution.py,active,EXTRACTED,,adp-scheduled-execution-parameters-v1,2026-06-21
PARAM-ADP-102,MOD-ADP-020,FORM-ADP-022,DAILY_INPUT_CLAIM_SOURCE,Allowed claim source for automatic daily input builder,daily_input,string,source,arxiv_atom_summary_only,arxiv_atom_summary_only,arxiv_atom_summary_only,NOT_APPLICABLE,,,,NOT_APPLICABLE,NOT_APPLICABLE,source_policy.claim_source equals arxiv_atom_summary_only,EXTRACTED from daily_input.py and arXiv Atom API docs,daily input tests,wrong claim source can create unsupported paper claims,arxiv-daily-push/src/arxiv_daily_push/daily_input.py,arxiv-daily-push/schemas/daily_input.schema.json,arxiv-daily-push/tests/test_daily_input.py,active,EXTRACTED,,adp-daily-input-parameters-v1,2026-06-21
PARAM-ADP-103,MOD-ADP-020,FORM-ADP-022,DAILY_INPUT_PDF_DOWNLOAD_ENABLED,PDF download allowed during daily input building,daily_input,bool,flag,false,false,false,NOT_APPLICABLE,,,,false,true,source_policy.pdf_download_enabled is false,EXTRACTED from low pressure daily input policy,daily input tests,true could create local storage pressure and unreviewed PDF claims,arxiv-daily-push/src/arxiv_daily_push/daily_input.py,arxiv-daily-push/schemas/daily_input.schema.json,arxiv-daily-push/tests/test_daily_input.py,active,EXTRACTED,,adp-daily-input-parameters-v1,2026-06-21
PARAM-ADP-104,MOD-ADP-020,FORM-ADP-022,DAILY_INPUT_BULK_HARVEST_ENABLED,Bulk harvest allowed during daily input building,daily_input,bool,flag,false,false,false,NOT_APPLICABLE,,,,false,true,source_policy.bulk_harvest_enabled is false,EXTRACTED from low pressure daily input policy,daily input tests,true could overload source APIs or local storage,arxiv-daily-push/src/arxiv_daily_push/daily_input.py,arxiv-daily-push/schemas/daily_input.schema.json,arxiv-daily-push/tests/test_daily_input.py,active,EXTRACTED,,adp-daily-input-parameters-v1,2026-06-21
PARAM-ADP-105,MOD-ADP-020,FORM-ADP-022,DAILY_INPUT_REQUIRED_SUMMARY,Atom summary required before automatic daily input,daily_input,bool,flag,true,true,true,NOT_APPLICABLE,,,,false,true,metadata.arxiv.summary must be non-empty,EXTRACTED from daily_input.py and evidence-first claim policy,missing summary test,false would permit unsupported generated lessons,arxiv-daily-push/src/arxiv_daily_push/daily_input.py,arxiv-daily-push/schemas/daily_input.schema.json,arxiv-daily-push/tests/test_daily_input.py,active,EXTRACTED,,adp-daily-input-parameters-v1,2026-06-21
PARAM-ADP-106,MOD-ADP-020,FORM-ADP-022,DAILY_INPUT_PRIORITY_CATEGORIES,Priority arXiv categories for default daily input signals,daily_input,list,categories,cs.AI;cs.CL;cs.LG;stat.ML,cs.AI;cs.CL;cs.LG;stat.ML,cs.AI;cs.CL;cs.LG;stat.ML,NOT_APPLICABLE,,,,NOT_APPLICABLE,NOT_APPLICABLE,category membership increases frontier and taxonomy signals,EXTRACTED from first arXiv architecture scope,daily input tests,wrong priorities can select less relevant daily items,arxiv-daily-push/src/arxiv_daily_push/daily_input.py,arxiv-daily-push/config/examples/runtime.example.yaml,arxiv-daily-push/tests/test_daily_input.py,active,EXTRACTED,,adp-daily-input-parameters-v1,2026-06-21
PARAM-ADP-107,MOD-ADP-020,FORM-ADP-022,DAILY_INPUT_RECENT_SELECTION_GATE,Recent source ID duplicate gate for daily input builder,daily_input,bool,flag,true,true,true,NOT_APPLICABLE,,,,false,true,recent_source_ids make matching candidates ineligible,EXTRACTED from duplicate publication prevention policy,recent duplicate test,false could republish the same source,arxiv-daily-push/src/arxiv_daily_push/daily_input.py,arxiv-daily-push/config/examples/runtime.example.yaml,arxiv-daily-push/tests/test_daily_input.py,active,EXTRACTED,,adp-daily-input-parameters-v1,2026-06-21
