parameter_id,model_id,formula_id,symbol,name,category,data_type,unit,default_value,initial_or_prior_value,active_value,weight,weight_group,weight_group_target,weight_group_tolerance,min_value,max_value,formula_or_transform,source_or_rationale,calibration_method,sensitivity,code_ref,config_ref,test_ref,status,fact_level,unknown_task_ids,parameter_version,last_updated,source_selector,extracted_value,last_verified_commit,verified_at,evidence_hash
PARAM-001,MOD-001,FORM-001,weights.supply_chain_criticality,供应链关键性,综合权重,number,ratio,0.24,0.24,0.24,0.24,WG-FORM-001-TOP-LEVEL,1.0,0.0001,0,0.7,FORM-001,EXTRACTED from EEI/data/parameter_catalog.csv:2; legacy validation=all weights sum 1.0 ± 0.0001; live_preview=True; refresh=all_loaded_views,NOT_APPLICABLE: no empirical calibration evidence in current governance baseline,step=0.01; validation=all weights sum 1.0 ± 0.0001,EEI/data/parameter_catalog.csv:2; EEI/scripts/validate_governance.py:108-121,EEI/config/model_profiles/balanced-v2.json; EEI/config/model_runtime_defaults.yaml,EEI/scripts/validate_model_config.py; EEI/scripts/validate_governance.py,active,EXTRACTED,,balanced-v2@2,2026-06-20,csv_cell:EEI/data/parameter_catalog.csv::parameter_key=weights.supply_chain_criticality::default_value,0.24,810ea9fd0beb6d0aebdb4b40fcb55b53c2d81104,2026-06-21T06:20:00Z,sha256:f1130e51beb24bfff1e6ef34b8b2f748e12dac7e7130f8e64a07d9c845c333cb
PARAM-002,MOD-001,FORM-001,weights.strategic_dependency,战略依赖,综合权重,number,ratio,0.18,0.18,0.18,0.18,WG-FORM-001-TOP-LEVEL,1.0,0.0001,0,0.7,FORM-001,EXTRACTED from EEI/data/parameter_catalog.csv:3; legacy validation=all weights sum 1.0 ± 0.0001; live_preview=True; refresh=all_loaded_views,NOT_APPLICABLE: no empirical calibration evidence in current governance baseline,step=0.01; validation=all weights sum 1.0 ± 0.0001,EEI/data/parameter_catalog.csv:3; EEI/scripts/validate_governance.py:108-121,EEI/config/model_profiles/balanced-v2.json; EEI/config/model_runtime_defaults.yaml,EEI/scripts/validate_model_config.py; EEI/scripts/validate_governance.py,active,EXTRACTED,,balanced-v2@2,2026-06-20,csv_cell:EEI/data/parameter_catalog.csv::parameter_key=weights.strategic_dependency::default_value,0.18,810ea9fd0beb6d0aebdb4b40fcb55b53c2d81104,2026-06-21T06:20:00Z,sha256:c70108062ea016f6a0075b24f083c27826108bf9ae72011cf6e247483ae2ace6
PARAM-003,MOD-001,FORM-001,weights.capital_momentum,资本动量,综合权重,number,ratio,0.14,0.14,0.14,0.14,WG-FORM-001-TOP-LEVEL,1.0,0.0001,0,0.7,FORM-001,EXTRACTED from EEI/data/parameter_catalog.csv:4; legacy validation=all weights sum 1.0 ± 0.0001; live_preview=True; refresh=all_loaded_views,NOT_APPLICABLE: no empirical calibration evidence in current governance baseline,step=0.01; validation=all weights sum 1.0 ± 0.0001,EEI/data/parameter_catalog.csv:4; EEI/scripts/validate_governance.py:108-121,EEI/config/model_profiles/balanced-v2.json; EEI/config/model_runtime_defaults.yaml,EEI/scripts/validate_model_config.py; EEI/scripts/validate_governance.py,active,EXTRACTED,,balanced-v2@2,2026-06-20,csv_cell:EEI/data/parameter_catalog.csv::parameter_key=weights.capital_momentum::default_value,0.14,810ea9fd0beb6d0aebdb4b40fcb55b53c2d81104,2026-06-21T06:20:00Z,sha256:cb69f3ace99cb236d66b2643ee59e78d1b5c8461da4948fa775e1976fed698fe
PARAM-004,MOD-001,FORM-001,weights.control_influence,控制影响,综合权重,number,ratio,0.12,0.12,0.12,0.12,WG-FORM-001-TOP-LEVEL,1.0,0.0001,0,0.7,FORM-001,EXTRACTED from EEI/data/parameter_catalog.csv:5; legacy validation=all weights sum 1.0 ± 0.0001; live_preview=True; refresh=all_loaded_views,NOT_APPLICABLE: no empirical calibration evidence in current governance baseline,step=0.01; validation=all weights sum 1.0 ± 0.0001,EEI/data/parameter_catalog.csv:5; EEI/scripts/validate_governance.py:108-121,EEI/config/model_profiles/balanced-v2.json; EEI/config/model_runtime_defaults.yaml,EEI/scripts/validate_model_config.py; EEI/scripts/validate_governance.py,active,EXTRACTED,,balanced-v2@2,2026-06-20,csv_cell:EEI/data/parameter_catalog.csv::parameter_key=weights.control_influence::default_value,0.12,810ea9fd0beb6d0aebdb4b40fcb55b53c2d81104,2026-06-21T06:20:00Z,sha256:ba9ccbb8f676b3a21c4ddcca139cbdecfd5a4effe9b67983696a6d0e7299b50f
PARAM-005,MOD-001,FORM-001,weights.policy_exposure,政策暴露,综合权重,number,ratio,0.1,0.1,0.1,0.1,WG-FORM-001-TOP-LEVEL,1.0,0.0001,0,0.7,FORM-001,EXTRACTED from EEI/data/parameter_catalog.csv:6; legacy validation=all weights sum 1.0 ± 0.0001; live_preview=True; refresh=all_loaded_views,NOT_APPLICABLE: no empirical calibration evidence in current governance baseline,step=0.01; validation=all weights sum 1.0 ± 0.0001,EEI/data/parameter_catalog.csv:6; EEI/scripts/validate_governance.py:108-121,EEI/config/model_profiles/balanced-v2.json; EEI/config/model_runtime_defaults.yaml,EEI/scripts/validate_model_config.py; EEI/scripts/validate_governance.py,active,EXTRACTED,,balanced-v2@2,2026-06-20,csv_cell:EEI/data/parameter_catalog.csv::parameter_key=weights.policy_exposure::default_value,0.1,810ea9fd0beb6d0aebdb4b40fcb55b53c2d81104,2026-06-21T06:20:00Z,sha256:1f9dd16fe3c93a8aaca8ac1b62b3b7912ff5e27f272aaaf7fde490562211168f
PARAM-006,MOD-001,FORM-001,weights.technology_dependency,技术依赖,综合权重,number,ratio,0.08,0.08,0.08,0.08,WG-FORM-001-TOP-LEVEL,1.0,0.0001,0,0.7,FORM-001,EXTRACTED from EEI/data/parameter_catalog.csv:7; legacy validation=all weights sum 1.0 ± 0.0001; live_preview=True; refresh=all_loaded_views,NOT_APPLICABLE: no empirical calibration evidence in current governance baseline,step=0.01; validation=all weights sum 1.0 ± 0.0001,EEI/data/parameter_catalog.csv:7; EEI/scripts/validate_governance.py:108-121,EEI/config/model_profiles/balanced-v2.json; EEI/config/model_runtime_defaults.yaml,EEI/scripts/validate_model_config.py; EEI/scripts/validate_governance.py,active,EXTRACTED,,balanced-v2@2,2026-06-20,csv_cell:EEI/data/parameter_catalog.csv::parameter_key=weights.technology_dependency::default_value,0.08,810ea9fd0beb6d0aebdb4b40fcb55b53c2d81104,2026-06-21T06:20:00Z,sha256:de5ea16731e82dc696b65cb727c7da0929198a92fc3c2560ad492bccdcab6c23
PARAM-007,MOD-001,FORM-001,weights.strategic_signal,战略信号,综合权重,number,ratio,0.08,0.08,0.08,0.08,WG-FORM-001-TOP-LEVEL,1.0,0.0001,0,0.7,FORM-001,EXTRACTED from EEI/data/parameter_catalog.csv:8; legacy validation=all weights sum 1.0 ± 0.0001; live_preview=True; refresh=all_loaded_views,NOT_APPLICABLE: no empirical calibration evidence in current governance baseline,step=0.01; validation=all weights sum 1.0 ± 0.0001,EEI/data/parameter_catalog.csv:8; EEI/scripts/validate_governance.py:108-121,EEI/config/model_profiles/balanced-v2.json; EEI/config/model_runtime_defaults.yaml,EEI/scripts/validate_model_config.py; EEI/scripts/validate_governance.py,active,EXTRACTED,,balanced-v2@2,2026-06-20,csv_cell:EEI/data/parameter_catalog.csv::parameter_key=weights.strategic_signal::default_value,0.08,810ea9fd0beb6d0aebdb4b40fcb55b53c2d81104,2026-06-21T06:20:00Z,sha256:000c557d41eaee2466a4669df7e812a6b0d84c3ba160b4bf688cc35882ed7432
PARAM-008,MOD-001,FORM-001,weights.time_relevance,时间相关性,综合权重,number,ratio,0.06,0.06,0.06,0.06,WG-FORM-001-TOP-LEVEL,1.0,0.0001,0,0.7,FORM-001,EXTRACTED from EEI/data/parameter_catalog.csv:9; legacy validation=all weights sum 1.0 ± 0.0001; live_preview=True; refresh=all_loaded_views,NOT_APPLICABLE: no empirical calibration evidence in current governance baseline,step=0.01; validation=all weights sum 1.0 ± 0.0001,EEI/data/parameter_catalog.csv:9; EEI/scripts/validate_governance.py:108-121,EEI/config/model_profiles/balanced-v2.json; EEI/config/model_runtime_defaults.yaml,EEI/scripts/validate_model_config.py; EEI/scripts/validate_governance.py,active,EXTRACTED,,balanced-v2@2,2026-06-20,csv_cell:EEI/data/parameter_catalog.csv::parameter_key=weights.time_relevance::default_value,0.06,810ea9fd0beb6d0aebdb4b40fcb55b53c2d81104,2026-06-21T06:20:00Z,sha256:caa63b7a61dcfd5f25c9cc531bf721d68fd26940ae89b84edddc5eb7381a6dfe
PARAM-009,MOD-001,FORM-001,quality_adjustment.floor,证据质量最低修正,质量修正,number,ratio,0.45,0.45,0.45,0.45,WG-FORM-001-QUALITY-ADJUSTMENT,1.0,0.0001,0,1,FORM-001,EXTRACTED from EEI/data/parameter_catalog.csv:10; legacy validation=pair sums 1.0; live_preview=True; refresh=all_loaded_views,NOT_APPLICABLE: no empirical calibration evidence in current governance baseline,step=0.01; validation=pair sums 1.0,EEI/data/parameter_catalog.csv:10; EEI/scripts/validate_governance.py:108-121,EEI/config/model_profiles/balanced-v2.json; EEI/config/model_runtime_defaults.yaml,EEI/scripts/validate_model_config.py; EEI/scripts/validate_governance.py,active,EXTRACTED,,balanced-v2@2,2026-06-20,csv_cell:EEI/data/parameter_catalog.csv::parameter_key=quality_adjustment.floor::default_value,0.45,810ea9fd0beb6d0aebdb4b40fcb55b53c2d81104,2026-06-21T06:20:00Z,sha256:748c3782f3e2f82ef849516fba73a2c39205c23dd9b00e67691a9982d38be933
PARAM-010,MOD-001,FORM-001,quality_adjustment.evidence_weight,证据质量修正权重,质量修正,number,ratio,0.55,0.55,0.55,0.55,WG-FORM-001-QUALITY-ADJUSTMENT,1.0,0.0001,0,1,FORM-001,EXTRACTED from EEI/data/parameter_catalog.csv:11; legacy validation=pair sums 1.0; live_preview=True; refresh=all_loaded_views,NOT_APPLICABLE: no empirical calibration evidence in current governance baseline,step=0.01; validation=pair sums 1.0,EEI/data/parameter_catalog.csv:11; EEI/scripts/validate_governance.py:108-121,EEI/config/model_profiles/balanced-v2.json; EEI/config/model_runtime_defaults.yaml,EEI/scripts/validate_model_config.py; EEI/scripts/validate_governance.py,active,EXTRACTED,,balanced-v2@2,2026-06-20,csv_cell:EEI/data/parameter_catalog.csv::parameter_key=quality_adjustment.evidence_weight::default_value,0.55,810ea9fd0beb6d0aebdb4b40fcb55b53c2d81104,2026-06-21T06:20:00Z,sha256:8f7e12aa4a0a7f372f79da653c25deb3fc3364383b8ec71c03f9f83fbae0f3ea
PARAM-011,MOD-001,FORM-001,coverage_adjustment.floor,覆盖率最低修正,质量修正,number,ratio,0.65,0.65,0.65,0.65,WG-FORM-001-COVERAGE-ADJUSTMENT,1.0,0.0001,0,1,FORM-001,EXTRACTED from EEI/data/parameter_catalog.csv:12; legacy validation=pair sums 1.0; live_preview=True; refresh=all_loaded_views,NOT_APPLICABLE: no empirical calibration evidence in current governance baseline,step=0.01; validation=pair sums 1.0,EEI/data/parameter_catalog.csv:12; EEI/scripts/validate_governance.py:108-121,EEI/config/model_profiles/balanced-v2.json; EEI/config/model_runtime_defaults.yaml,EEI/scripts/validate_model_config.py; EEI/scripts/validate_governance.py,active,EXTRACTED,,balanced-v2@2,2026-06-20,csv_cell:EEI/data/parameter_catalog.csv::parameter_key=coverage_adjustment.floor::default_value,0.65,810ea9fd0beb6d0aebdb4b40fcb55b53c2d81104,2026-06-21T06:20:00Z,sha256:85ffaaa5ba12c253a942c29d44273838b8e50304e051bf5292f174b9fd9cf79f
PARAM-012,MOD-001,FORM-001,coverage_adjustment.coverage_weight,覆盖率修正权重,质量修正,number,ratio,0.35,0.35,0.35,0.35,WG-FORM-001-COVERAGE-ADJUSTMENT,1.0,0.0001,0,1,FORM-001,EXTRACTED from EEI/data/parameter_catalog.csv:13; legacy validation=pair sums 1.0; live_preview=True; refresh=all_loaded_views,NOT_APPLICABLE: no empirical calibration evidence in current governance baseline,step=0.01; validation=pair sums 1.0,EEI/data/parameter_catalog.csv:13; EEI/scripts/validate_governance.py:108-121,EEI/config/model_profiles/balanced-v2.json; EEI/config/model_runtime_defaults.yaml,EEI/scripts/validate_model_config.py; EEI/scripts/validate_governance.py,active,EXTRACTED,,balanced-v2@2,2026-06-20,csv_cell:EEI/data/parameter_catalog.csv::parameter_key=coverage_adjustment.coverage_weight::default_value,0.35,810ea9fd0beb6d0aebdb4b40fcb55b53c2d81104,2026-06-21T06:20:00Z,sha256:26eaa95182fe1c0a1ce64d5dc0b50b1501303f5858e3e7c291932eb10ac614cd
PARAM-013,MOD-003,FORM-003,half_life_days.control_change,控制变化,时间半衰期,number,days,730,730,730,,,,,30,1825,FORM-003,EXTRACTED from EEI/data/parameter_catalog.csv:14; legacy validation=positive integer; live_preview=True; refresh=all_loaded_views,NOT_APPLICABLE: no empirical calibration evidence in current governance baseline,step=1; validation=positive integer,EEI/data/parameter_catalog.csv:14; EEI/scripts/validate_governance.py:108-121,EEI/config/model_profiles/balanced-v2.json; EEI/config/model_runtime_defaults.yaml,EEI/scripts/validate_model_config.py; EEI/scripts/validate_governance.py,active,EXTRACTED,,balanced-v2@2,2026-06-20,csv_cell:EEI/data/parameter_catalog.csv::parameter_key=half_life_days.control_change::default_value,730,810ea9fd0beb6d0aebdb4b40fcb55b53c2d81104,2026-06-21T06:20:00Z,sha256:54d434872a18ced8bbf2166c8971d670e9eaf87e5551556cef377cdfdddbf597
PARAM-014,MOD-003,FORM-003,half_life_days.mna,并购,时间半衰期,number,days,730,730,730,,,,,30,1825,FORM-003,EXTRACTED from EEI/data/parameter_catalog.csv:15; legacy validation=positive integer; live_preview=True; refresh=all_loaded_views,NOT_APPLICABLE: no empirical calibration evidence in current governance baseline,step=1; validation=positive integer,EEI/data/parameter_catalog.csv:15; EEI/scripts/validate_governance.py:108-121,EEI/config/model_profiles/balanced-v2.json; EEI/config/model_runtime_defaults.yaml,EEI/scripts/validate_model_config.py; EEI/scripts/validate_governance.py,active,EXTRACTED,,balanced-v2@2,2026-06-20,csv_cell:EEI/data/parameter_catalog.csv::parameter_key=half_life_days.mna::default_value,730,810ea9fd0beb6d0aebdb4b40fcb55b53c2d81104,2026-06-21T06:20:00Z,sha256:a040e94d1fa457ea3bf828d3a06115efabb261a1130fdcbad87650eeb3d55cdb
PARAM-015,MOD-003,FORM-003,half_life_days.long_term_supply,长期供应合同,时间半衰期,number,days,540,540,540,,,,,30,1825,FORM-003,EXTRACTED from EEI/data/parameter_catalog.csv:16; legacy validation=positive integer; live_preview=True; refresh=all_loaded_views,NOT_APPLICABLE: no empirical calibration evidence in current governance baseline,step=1; validation=positive integer,EEI/data/parameter_catalog.csv:16; EEI/scripts/validate_governance.py:108-121,EEI/config/model_profiles/balanced-v2.json; EEI/config/model_runtime_defaults.yaml,EEI/scripts/validate_model_config.py; EEI/scripts/validate_governance.py,active,EXTRACTED,,balanced-v2@2,2026-06-20,csv_cell:EEI/data/parameter_catalog.csv::parameter_key=half_life_days.long_term_supply::default_value,540,810ea9fd0beb6d0aebdb4b40fcb55b53c2d81104,2026-06-21T06:20:00Z,sha256:7b1b5b21eea698622c9c16425da20d44d389bc6098bb41b9a50931d0d8e83b44
PARAM-016,MOD-003,FORM-003,half_life_days.capex_financing,资本开支与融资,时间半衰期,number,days,365,365,365,,,,,30,1825,FORM-003,EXTRACTED from EEI/data/parameter_catalog.csv:17; legacy validation=positive integer; live_preview=True; refresh=all_loaded_views,NOT_APPLICABLE: no empirical calibration evidence in current governance baseline,step=1; validation=positive integer,EEI/data/parameter_catalog.csv:17; EEI/scripts/validate_governance.py:108-121,EEI/config/model_profiles/balanced-v2.json; EEI/config/model_runtime_defaults.yaml,EEI/scripts/validate_model_config.py; EEI/scripts/validate_governance.py,active,EXTRACTED,,balanced-v2@2,2026-06-20,csv_cell:EEI/data/parameter_catalog.csv::parameter_key=half_life_days.capex_financing::default_value,365,810ea9fd0beb6d0aebdb4b40fcb55b53c2d81104,2026-06-21T06:20:00Z,sha256:ce8fb165a678734dbb2862af0f008e0ef833df07b20f6bcc6905f36c67d24a04
PARAM-017,MOD-003,FORM-003,half_life_days.policy_regulatory,政策监管,时间半衰期,number,days,270,270,270,,,,,30,1825,FORM-003,EXTRACTED from EEI/data/parameter_catalog.csv:18; legacy validation=positive integer; live_preview=True; refresh=all_loaded_views,NOT_APPLICABLE: no empirical calibration evidence in current governance baseline,step=1; validation=positive integer,EEI/data/parameter_catalog.csv:18; EEI/scripts/validate_governance.py:108-121,EEI/config/model_profiles/balanced-v2.json; EEI/config/model_runtime_defaults.yaml,EEI/scripts/validate_model_config.py; EEI/scripts/validate_governance.py,active,EXTRACTED,,balanced-v2@2,2026-06-20,csv_cell:EEI/data/parameter_catalog.csv::parameter_key=half_life_days.policy_regulatory::default_value,270,810ea9fd0beb6d0aebdb4b40fcb55b53c2d81104,2026-06-21T06:20:00Z,sha256:16044c4f8ca7df0340823439d2f69575f92823196b40b7f522b7ad953c03f534
PARAM-018,MOD-003,FORM-003,half_life_days.product_partnership,产品与合作,时间半衰期,number,days,180,180,180,,,,,30,1825,FORM-003,EXTRACTED from EEI/data/parameter_catalog.csv:19; legacy validation=positive integer; live_preview=True; refresh=all_loaded_views,NOT_APPLICABLE: no empirical calibration evidence in current governance baseline,step=1; validation=positive integer,EEI/data/parameter_catalog.csv:19; EEI/scripts/validate_governance.py:108-121,EEI/config/model_profiles/balanced-v2.json; EEI/config/model_runtime_defaults.yaml,EEI/scripts/validate_model_config.py; EEI/scripts/validate_governance.py,active,EXTRACTED,,balanced-v2@2,2026-06-20,csv_cell:EEI/data/parameter_catalog.csv::parameter_key=half_life_days.product_partnership::default_value,180,810ea9fd0beb6d0aebdb4b40fcb55b53c2d81104,2026-06-21T06:20:00Z,sha256:261bc193141af46be4a3f41b9502e70f54ddd1784ab665b3fb1b6967bc474eda
PARAM-019,MOD-003,FORM-003,half_life_days.news_lead,新闻线索,时间半衰期,number,days,90,90,90,,,,,30,1825,FORM-003,EXTRACTED from EEI/data/parameter_catalog.csv:20; legacy validation=positive integer; live_preview=True; refresh=all_loaded_views,NOT_APPLICABLE: no empirical calibration evidence in current governance baseline,step=1; validation=positive integer,EEI/data/parameter_catalog.csv:20; EEI/scripts/validate_governance.py:108-121,EEI/config/model_profiles/balanced-v2.json; EEI/config/model_runtime_defaults.yaml,EEI/scripts/validate_model_config.py; EEI/scripts/validate_governance.py,active,EXTRACTED,,balanced-v2@2,2026-06-20,csv_cell:EEI/data/parameter_catalog.csv::parameter_key=half_life_days.news_lead::default_value,90,810ea9fd0beb6d0aebdb4b40fcb55b53c2d81104,2026-06-21T06:20:00Z,sha256:dc7322270a498e8f3b640652bb0620b8a1b2d20f5feaed72b1abfd42b55b8248
PARAM-020,MOD-002,FORM-002,evidence.publish_min_evidence_count,正式关系最少证据数,证据门槛,number,count,1,1,1,,,,,1,10,FORM-002,EXTRACTED from EEI/data/parameter_catalog.csv:21; legacy validation=schema range; live_preview=True; refresh=graph+inspector+alerts,NOT_APPLICABLE: no empirical calibration evidence in current governance baseline,step=1; validation=schema range,EEI/data/parameter_catalog.csv:21; EEI/scripts/validate_governance.py:108-121,EEI/config/thresholds/default-v2.json; EEI/config/model_runtime_defaults.yaml,EEI/scripts/validate_model_config.py; EEI/scripts/validate_governance.py,active,EXTRACTED,,default-v2@2,2026-06-20,csv_cell:EEI/data/parameter_catalog.csv::parameter_key=evidence.publish_min_evidence_count::default_value,1,810ea9fd0beb6d0aebdb4b40fcb55b53c2d81104,2026-06-21T06:20:00Z,sha256:24016162f7752e9890e964d3feb2634761d31d6ebafb9c2963cbd8feda16a9f5
PARAM-021,MOD-002,FORM-002,evidence.inferred_min_independent_sources,推断关系独立来源数,证据门槛,number,count,2,2,2,,,,,1,6,FORM-002,EXTRACTED from EEI/data/parameter_catalog.csv:22; legacy validation=schema range; live_preview=True; refresh=graph+inspector+alerts,NOT_APPLICABLE: no empirical calibration evidence in current governance baseline,step=1; validation=schema range,EEI/data/parameter_catalog.csv:22; EEI/scripts/validate_governance.py:108-121,EEI/config/thresholds/default-v2.json; EEI/config/model_runtime_defaults.yaml,EEI/scripts/validate_model_config.py; EEI/scripts/validate_governance.py,active,EXTRACTED,,default-v2@2,2026-06-20,csv_cell:EEI/data/parameter_catalog.csv::parameter_key=evidence.inferred_min_independent_sources::default_value,2,810ea9fd0beb6d0aebdb4b40fcb55b53c2d81104,2026-06-21T06:20:00Z,sha256:8fd713afd3160fd366bddeb787ec48692b94800e513747db9c0cc9de59f94955
PARAM-022,MOD-002,FORM-002,evidence.minimum_evidence_quality,最低证据质量,证据门槛,number,score,55,55,55,,,,,0,100,FORM-002,EXTRACTED from EEI/data/parameter_catalog.csv:23; legacy validation=schema range; live_preview=True; refresh=graph+inspector+alerts,NOT_APPLICABLE: no empirical calibration evidence in current governance baseline,step=1; validation=schema range,EEI/data/parameter_catalog.csv:23; EEI/scripts/validate_governance.py:108-121,EEI/config/thresholds/default-v2.json; EEI/config/model_runtime_defaults.yaml,EEI/scripts/validate_model_config.py; EEI/scripts/validate_governance.py,active,EXTRACTED,,default-v2@2,2026-06-20,csv_cell:EEI/data/parameter_catalog.csv::parameter_key=evidence.minimum_evidence_quality::default_value,55,810ea9fd0beb6d0aebdb4b40fcb55b53c2d81104,2026-06-21T06:20:00Z,sha256:b6dc20e46be3f5f742b02b40ac5b7da34bcded4641245d82f3bebfb42d51bf7a
PARAM-023,MOD-002,FORM-002,evidence.minimum_entity_resolution_confidence,实体解析最低置信度,证据门槛,number,ratio,0.88,0.88,0.88,,,,,0.5,1,FORM-002,EXTRACTED from EEI/data/parameter_catalog.csv:24; legacy validation=schema range; live_preview=True; refresh=graph+inspector+alerts,NOT_APPLICABLE: no empirical calibration evidence in current governance baseline,step=0.01; validation=schema range,EEI/data/parameter_catalog.csv:24; EEI/scripts/validate_governance.py:108-121,EEI/config/thresholds/default-v2.json; EEI/config/model_runtime_defaults.yaml,EEI/scripts/validate_model_config.py; EEI/scripts/validate_governance.py,active,EXTRACTED,,default-v2@2,2026-06-20,csv_cell:EEI/data/parameter_catalog.csv::parameter_key=evidence.minimum_entity_resolution_confidence::default_value,0.88,810ea9fd0beb6d0aebdb4b40fcb55b53c2d81104,2026-06-21T06:20:00Z,sha256:cc77c29cbfe348d800a90a47008d25f1a293db986907a6e7f5cf7556b88cfde9
PARAM-024,MOD-002,FORM-002,evidence.conflict_penalty,冲突惩罚,证据门槛,number,points,12,12,12,,,,,0,50,FORM-002,EXTRACTED from EEI/data/parameter_catalog.csv:25; legacy validation=schema range; live_preview=True; refresh=graph+inspector+alerts,NOT_APPLICABLE: no empirical calibration evidence in current governance baseline,step=1; validation=schema range,EEI/data/parameter_catalog.csv:25; EEI/scripts/validate_governance.py:108-121,EEI/config/thresholds/default-v2.json; EEI/config/model_runtime_defaults.yaml,EEI/scripts/validate_model_config.py; EEI/scripts/validate_governance.py,active,EXTRACTED,,default-v2@2,2026-06-20,csv_cell:EEI/data/parameter_catalog.csv::parameter_key=evidence.conflict_penalty::default_value,12,810ea9fd0beb6d0aebdb4b40fcb55b53c2d81104,2026-06-21T06:20:00Z,sha256:1beb422122b730870c900645972ca03d32357c8b8549a0a8064e155630a071c6
PARAM-025,MOD-002,FORM-002,evidence.unknown_coverage_warning_below,未知覆盖警告门槛,证据门槛,number,percent,65,65,65,,,,,0,100,FORM-002,EXTRACTED from EEI/data/parameter_catalog.csv:26; legacy validation=schema range; live_preview=True; refresh=graph+inspector+alerts,NOT_APPLICABLE: no empirical calibration evidence in current governance baseline,step=1; validation=schema range,EEI/data/parameter_catalog.csv:26; EEI/scripts/validate_governance.py:108-121,EEI/config/thresholds/default-v2.json; EEI/config/model_runtime_defaults.yaml,EEI/scripts/validate_model_config.py; EEI/scripts/validate_governance.py,active,EXTRACTED,,default-v2@2,2026-06-20,csv_cell:EEI/data/parameter_catalog.csv::parameter_key=evidence.unknown_coverage_warning_below::default_value,65,810ea9fd0beb6d0aebdb4b40fcb55b53c2d81104,2026-06-21T06:20:00Z,sha256:4dd6bde5a9494190bc268e7473f686c31e906de43de97f7dfe5daca49b607091
PARAM-026,MOD-004,FORM-004,graph.minimum_adjusted_priority,节点最低优先级,图谱门槛,number,score,46,46,46,,,,,0,100,FORM-004,EXTRACTED from EEI/data/parameter_catalog.csv:27; legacy validation=schema range; live_preview=True; refresh=graph+all_graph_projections,NOT_APPLICABLE: no empirical calibration evidence in current governance baseline,step=1; validation=schema range,EEI/data/parameter_catalog.csv:27; EEI/scripts/validate_governance.py:108-121,EEI/config/thresholds/default-v2.json; EEI/config/model_runtime_defaults.yaml,EEI/scripts/validate_model_config.py; EEI/scripts/validate_governance.py,active,EXTRACTED,,default-v2@2,2026-06-20,csv_cell:EEI/data/parameter_catalog.csv::parameter_key=graph.minimum_adjusted_priority::default_value,46,810ea9fd0beb6d0aebdb4b40fcb55b53c2d81104,2026-06-21T06:20:00Z,sha256:aa7ffd8744da9501689ea81c486dce024a1a20d640265d5f9191548184baeca7
PARAM-027,MOD-004,FORM-004,graph.minimum_edge_materiality,关系最低重要性,图谱门槛,number,score,48,48,48,,,,,0,100,FORM-004,EXTRACTED from EEI/data/parameter_catalog.csv:28; legacy validation=schema range; live_preview=True; refresh=graph+all_graph_projections,NOT_APPLICABLE: no empirical calibration evidence in current governance baseline,step=1; validation=schema range,EEI/data/parameter_catalog.csv:28; EEI/scripts/validate_governance.py:108-121,EEI/config/thresholds/default-v2.json; EEI/config/model_runtime_defaults.yaml,EEI/scripts/validate_model_config.py; EEI/scripts/validate_governance.py,active,EXTRACTED,,default-v2@2,2026-06-20,csv_cell:EEI/data/parameter_catalog.csv::parameter_key=graph.minimum_edge_materiality::default_value,48,810ea9fd0beb6d0aebdb4b40fcb55b53c2d81104,2026-06-21T06:20:00Z,sha256:42b0e2a304c9189fb1d8f4df69052269ae6bcb582fe3291653c0aaf9d0c91331
PARAM-028,MOD-004,FORM-004,graph.home_max_nodes,首页最大节点,图谱门槛,number,count,42,42,42,,,,,12,120,FORM-004,EXTRACTED from EEI/data/parameter_catalog.csv:29; legacy validation=schema range; live_preview=True; refresh=graph+all_graph_projections,NOT_APPLICABLE: no empirical calibration evidence in current governance baseline,step=1; validation=schema range,EEI/data/parameter_catalog.csv:29; EEI/scripts/validate_governance.py:108-121,EEI/config/thresholds/default-v2.json; EEI/config/model_runtime_defaults.yaml,EEI/scripts/validate_model_config.py; EEI/scripts/validate_governance.py,active,EXTRACTED,,default-v2@2,2026-06-20,csv_cell:EEI/data/parameter_catalog.csv::parameter_key=graph.home_max_nodes::default_value,42,810ea9fd0beb6d0aebdb4b40fcb55b53c2d81104,2026-06-21T06:20:00Z,sha256:77dc5b6d7ad89aa3fae2b537d022da563c41e2b199fdb1f233f5f08b1abf9197
PARAM-029,MOD-004,FORM-004,graph.home_max_edges,首页最大关系,图谱门槛,number,count,64,64,64,,,,,16,240,FORM-004,EXTRACTED from EEI/data/parameter_catalog.csv:30; legacy validation=schema range; live_preview=True; refresh=graph+all_graph_projections,NOT_APPLICABLE: no empirical calibration evidence in current governance baseline,step=1; validation=schema range,EEI/data/parameter_catalog.csv:30; EEI/scripts/validate_governance.py:108-121,EEI/config/thresholds/default-v2.json; EEI/config/model_runtime_defaults.yaml,EEI/scripts/validate_model_config.py; EEI/scripts/validate_governance.py,active,EXTRACTED,,default-v2@2,2026-06-20,csv_cell:EEI/data/parameter_catalog.csv::parameter_key=graph.home_max_edges::default_value,64,810ea9fd0beb6d0aebdb4b40fcb55b53c2d81104,2026-06-21T06:20:00Z,sha256:1f737c73fb5865eae3b4481a8188f6ed73029963d583ade3918ead47b0f5f6f9
PARAM-030,MOD-004,FORM-004,graph.expand_batch_size,单次展开数量,图谱门槛,number,count,12,12,12,,,,,4,40,FORM-004,EXTRACTED from EEI/data/parameter_catalog.csv:31; legacy validation=schema range; live_preview=True; refresh=graph+all_graph_projections,NOT_APPLICABLE: no empirical calibration evidence in current governance baseline,step=1; validation=schema range,EEI/data/parameter_catalog.csv:31; EEI/scripts/validate_governance.py:108-121,EEI/config/thresholds/default-v2.json; EEI/config/model_runtime_defaults.yaml,EEI/scripts/validate_model_config.py; EEI/scripts/validate_governance.py,active,EXTRACTED,,default-v2@2,2026-06-20,csv_cell:EEI/data/parameter_catalog.csv::parameter_key=graph.expand_batch_size::default_value,12,810ea9fd0beb6d0aebdb4b40fcb55b53c2d81104,2026-06-21T06:20:00Z,sha256:a6d7b03ef316c0ea55bc91805a13ce64fbd2584efeaf3f8d216f56be60ce5840
PARAM-031,MOD-004,FORM-004,graph.aggregate_same_type_after,同类聚合门槛,图谱门槛,number,count,6,6,6,,,,,3,20,FORM-004,EXTRACTED from EEI/data/parameter_catalog.csv:32; legacy validation=schema range; live_preview=True; refresh=graph+all_graph_projections,NOT_APPLICABLE: no empirical calibration evidence in current governance baseline,step=1; validation=schema range,EEI/data/parameter_catalog.csv:32; EEI/scripts/validate_governance.py:108-121,EEI/config/thresholds/default-v2.json; EEI/config/model_runtime_defaults.yaml,EEI/scripts/validate_model_config.py; EEI/scripts/validate_governance.py,active,EXTRACTED,,default-v2@2,2026-06-20,csv_cell:EEI/data/parameter_catalog.csv::parameter_key=graph.aggregate_same_type_after::default_value,6,810ea9fd0beb6d0aebdb4b40fcb55b53c2d81104,2026-06-21T06:20:00Z,sha256:3a76fca0e27aaec9e13f7a0ab710c4ee3e7898b4d0db9c3b008e09b6904cd73b
PARAM-032,MOD-004,FORM-004,graph.label_priority_threshold,标签显示门槛,图谱门槛,number,score,62,62,62,,,,,0,100,FORM-004,EXTRACTED from EEI/data/parameter_catalog.csv:33; legacy validation=schema range; live_preview=True; refresh=graph+all_graph_projections,NOT_APPLICABLE: no empirical calibration evidence in current governance baseline,step=1; validation=schema range,EEI/data/parameter_catalog.csv:33; EEI/scripts/validate_governance.py:108-121,EEI/config/thresholds/default-v2.json; EEI/config/model_runtime_defaults.yaml,EEI/scripts/validate_model_config.py; EEI/scripts/validate_governance.py,active,EXTRACTED,,default-v2@2,2026-06-20,csv_cell:EEI/data/parameter_catalog.csv::parameter_key=graph.label_priority_threshold::default_value,62,810ea9fd0beb6d0aebdb4b40fcb55b53c2d81104,2026-06-21T06:20:00Z,sha256:cadae6b6205f20410b587d55206b4f8dd58d362ca6618caed80fc9b79030c7ed
PARAM-033,MOD-004,FORM-004,graph.max_hops_interactive,交互最大层数,图谱门槛,number,hops,2,2,2,,,,,1,4,FORM-004,EXTRACTED from EEI/data/parameter_catalog.csv:34; legacy validation=schema range; live_preview=True; refresh=graph+all_graph_projections,NOT_APPLICABLE: no empirical calibration evidence in current governance baseline,step=1; validation=schema range,EEI/data/parameter_catalog.csv:34; EEI/scripts/validate_governance.py:108-121,EEI/config/thresholds/default-v2.json; EEI/config/model_runtime_defaults.yaml,EEI/scripts/validate_model_config.py; EEI/scripts/validate_governance.py,active,EXTRACTED,,default-v2@2,2026-06-20,csv_cell:EEI/data/parameter_catalog.csv::parameter_key=graph.max_hops_interactive::default_value,2,810ea9fd0beb6d0aebdb4b40fcb55b53c2d81104,2026-06-21T06:20:00Z,sha256:6986ffb23d9b4793f6702504f0e57f2a6b2aea2a315f526511e44c1563fc306b
PARAM-034,MOD-004,FORM-004,graph.max_path_length,路径最大长度,图谱门槛,number,edges,8,8,8,,,,,2,16,FORM-004,EXTRACTED from EEI/data/parameter_catalog.csv:35; legacy validation=schema range; live_preview=True; refresh=graph+all_graph_projections,NOT_APPLICABLE: no empirical calibration evidence in current governance baseline,step=1; validation=schema range,EEI/data/parameter_catalog.csv:35; EEI/scripts/validate_governance.py:108-121,EEI/config/thresholds/default-v2.json; EEI/config/model_runtime_defaults.yaml,EEI/scripts/validate_model_config.py; EEI/scripts/validate_governance.py,active,EXTRACTED,,default-v2@2,2026-06-20,csv_cell:EEI/data/parameter_catalog.csv::parameter_key=graph.max_path_length::default_value,8,810ea9fd0beb6d0aebdb4b40fcb55b53c2d81104,2026-06-21T06:20:00Z,sha256:bd0e5aed28f66a3ddbb1fd972cf9ad6d0b508b451d4a3a9deda763ec959be718
PARAM-035,MOD-004,FORM-004,graph.fade_unselected_opacity,未选对象透明度,图谱门槛,number,opacity,0.16,0.16,0.16,,,,,0.05,0.6,FORM-004,EXTRACTED from EEI/data/parameter_catalog.csv:36; legacy validation=schema range; live_preview=True; refresh=graph+all_graph_projections,NOT_APPLICABLE: no empirical calibration evidence in current governance baseline,step=0.01; validation=schema range,EEI/data/parameter_catalog.csv:36; EEI/scripts/validate_governance.py:108-121,EEI/config/thresholds/default-v2.json; EEI/config/model_runtime_defaults.yaml,EEI/scripts/validate_model_config.py; EEI/scripts/validate_governance.py,active,EXTRACTED,,default-v2@2,2026-06-20,csv_cell:EEI/data/parameter_catalog.csv::parameter_key=graph.fade_unselected_opacity::default_value,0.16,810ea9fd0beb6d0aebdb4b40fcb55b53c2d81104,2026-06-21T06:20:00Z,sha256:7126a5dbeb5347c9397678945e698f98415936d157bd5363fc1f692b482e6843
PARAM-036,MOD-010,FORM-010,alerts.high_priority,高优先级门槛,告警门槛,number,score,80,80,80,,,,,0,100,FORM-010,EXTRACTED from EEI/data/parameter_catalog.csv:37; legacy validation=schema range; live_preview=True; refresh=changes+watchlist+badges,NOT_APPLICABLE: no empirical calibration evidence in current governance baseline,step=1; validation=schema range,EEI/data/parameter_catalog.csv:37; EEI/scripts/validate_governance.py:108-121,EEI/config/thresholds/default-v2.json; EEI/config/model_runtime_defaults.yaml,EEI/scripts/validate_model_config.py; EEI/scripts/validate_governance.py,active,EXTRACTED,,default-v2@2,2026-06-20,csv_cell:EEI/data/parameter_catalog.csv::parameter_key=alerts.high_priority::default_value,80,810ea9fd0beb6d0aebdb4b40fcb55b53c2d81104,2026-06-21T06:20:00Z,sha256:c57cfa9c2ade7a50b2be65221053c7df0098236136257f0f6fee47c5b862a5a7
PARAM-037,MOD-010,FORM-010,alerts.material_score_delta,重大变化分差,告警门槛,number,points,8,8,8,,,,,1,40,FORM-010,EXTRACTED from EEI/data/parameter_catalog.csv:38; legacy validation=schema range; live_preview=True; refresh=changes+watchlist+badges,NOT_APPLICABLE: no empirical calibration evidence in current governance baseline,step=1; validation=schema range,EEI/data/parameter_catalog.csv:38; EEI/scripts/validate_governance.py:108-121,EEI/config/thresholds/default-v2.json; EEI/config/model_runtime_defaults.yaml,EEI/scripts/validate_model_config.py; EEI/scripts/validate_governance.py,active,EXTRACTED,,default-v2@2,2026-06-20,csv_cell:EEI/data/parameter_catalog.csv::parameter_key=alerts.material_score_delta::default_value,8,810ea9fd0beb6d0aebdb4b40fcb55b53c2d81104,2026-06-21T06:20:00Z,sha256:2819a9f0cbc577f20451a9ecf921818c22e27a5d76161a02cb6181c9baea16f3
PARAM-038,MOD-010,FORM-010,alerts.new_relation_min_quality,新关系告警最低质量,告警门槛,number,score,70,70,70,,,,,0,100,FORM-010,EXTRACTED from EEI/data/parameter_catalog.csv:39; legacy validation=schema range; live_preview=True; refresh=changes+watchlist+badges,NOT_APPLICABLE: no empirical calibration evidence in current governance baseline,step=1; validation=schema range,EEI/data/parameter_catalog.csv:39; EEI/scripts/validate_governance.py:108-121,EEI/config/thresholds/default-v2.json; EEI/config/model_runtime_defaults.yaml,EEI/scripts/validate_model_config.py; EEI/scripts/validate_governance.py,active,EXTRACTED,,default-v2@2,2026-06-20,csv_cell:EEI/data/parameter_catalog.csv::parameter_key=alerts.new_relation_min_quality::default_value,70,810ea9fd0beb6d0aebdb4b40fcb55b53c2d81104,2026-06-21T06:20:00Z,sha256:3bcca20f7a998fd3e5b8b3aa7755299108d88f3ee074625d79dd117aa529e053
PARAM-039,MOD-010,FORM-010,alerts.capital_event_usd,重大资本事件金额,告警门槛,number,USD,100000000,100000000,100000000,,,,,1000000,10000000000,FORM-010,EXTRACTED from EEI/data/parameter_catalog.csv:40; legacy validation=schema range; live_preview=True; refresh=changes+watchlist+badges,NOT_APPLICABLE: no empirical calibration evidence in current governance baseline,step=1000000; validation=schema range,EEI/data/parameter_catalog.csv:40; EEI/scripts/validate_governance.py:108-121,EEI/config/thresholds/default-v2.json; EEI/config/model_runtime_defaults.yaml,EEI/scripts/validate_model_config.py; EEI/scripts/validate_governance.py,active,EXTRACTED,,default-v2@2,2026-06-20,csv_cell:EEI/data/parameter_catalog.csv::parameter_key=alerts.capital_event_usd::default_value,100000000,810ea9fd0beb6d0aebdb4b40fcb55b53c2d81104,2026-06-21T06:20:00Z,sha256:35331e1146a9c94a78781933bd81bcca6c2cfde4abf6271804a3379cbcdf0df3
PARAM-040,MOD-010,FORM-010,alerts.policy_impact,政策影响门槛,告警门槛,number,score,65,65,65,,,,,0,100,FORM-010,EXTRACTED from EEI/data/parameter_catalog.csv:41; legacy validation=schema range; live_preview=True; refresh=changes+watchlist+badges,NOT_APPLICABLE: no empirical calibration evidence in current governance baseline,step=1; validation=schema range,EEI/data/parameter_catalog.csv:41; EEI/scripts/validate_governance.py:108-121,EEI/config/thresholds/default-v2.json; EEI/config/model_runtime_defaults.yaml,EEI/scripts/validate_model_config.py; EEI/scripts/validate_governance.py,active,EXTRACTED,,default-v2@2,2026-06-20,csv_cell:EEI/data/parameter_catalog.csv::parameter_key=alerts.policy_impact::default_value,65,810ea9fd0beb6d0aebdb4b40fcb55b53c2d81104,2026-06-21T06:20:00Z,sha256:c090d9ff117c5edd13e531da32c0f2c53eacf8c4926bd301a9de43405e631316
PARAM-041,MOD-010,FORM-010,alerts.watchlist_relevance,Watchlist 相关门槛,告警门槛,number,score,55,55,55,,,,,0,100,FORM-010,EXTRACTED from EEI/data/parameter_catalog.csv:42; legacy validation=schema range; live_preview=True; refresh=changes+watchlist+badges,NOT_APPLICABLE: no empirical calibration evidence in current governance baseline,step=1; validation=schema range,EEI/data/parameter_catalog.csv:42; EEI/scripts/validate_governance.py:108-121,EEI/config/thresholds/default-v2.json; EEI/config/model_runtime_defaults.yaml,EEI/scripts/validate_model_config.py; EEI/scripts/validate_governance.py,active,EXTRACTED,,default-v2@2,2026-06-20,csv_cell:EEI/data/parameter_catalog.csv::parameter_key=alerts.watchlist_relevance::default_value,55,810ea9fd0beb6d0aebdb4b40fcb55b53c2d81104,2026-06-21T06:20:00Z,sha256:ae75f0b352e162553dc4a3c1fbfe6a7144f57ed5452320e44873749a325014fe
PARAM-042,MOD-012,FORM-012,refresh.preview_debounce_ms,参数预览防抖,刷新与性能,number,ms,120,120,120,,,,,50,500,deterministic_config_lookup,EXTRACTED from EEI/data/parameter_catalog.csv:43; legacy validation=positive integer; live_preview=False; refresh=monitoring+acceptance,NOT_APPLICABLE: no empirical calibration evidence in current governance baseline,step=10; validation=positive integer,EEI/data/parameter_catalog.csv:43; EEI/scripts/validate_governance.py:108-121,EEI/config/thresholds/default-v2.json; EEI/config/model_runtime_defaults.yaml,EEI/scripts/validate_model_config.py; EEI/scripts/validate_governance.py,active,EXTRACTED,,default-v2@2,2026-06-20,csv_cell:EEI/data/parameter_catalog.csv::parameter_key=refresh.preview_debounce_ms::default_value,120,810ea9fd0beb6d0aebdb4b40fcb55b53c2d81104,2026-06-21T06:20:00Z,sha256:93d05aa51e9c6beb850aab21d7ca9980cda8f3ef2db78fe0f6265073a7248439
PARAM-043,MOD-012,FORM-012,refresh.preview_p95_ms,本地预览目标,刷新与性能,number,ms,250,250,250,,,,,100,1000,deterministic_config_lookup,EXTRACTED from EEI/data/parameter_catalog.csv:44; legacy validation=positive integer; live_preview=False; refresh=monitoring+acceptance,NOT_APPLICABLE: no empirical calibration evidence in current governance baseline,step=10; validation=positive integer,EEI/data/parameter_catalog.csv:44; EEI/scripts/validate_governance.py:108-121,EEI/config/thresholds/default-v2.json; EEI/config/model_runtime_defaults.yaml,EEI/scripts/validate_model_config.py; EEI/scripts/validate_governance.py,active,EXTRACTED,,default-v2@2,2026-06-20,csv_cell:EEI/data/parameter_catalog.csv::parameter_key=refresh.preview_p95_ms::default_value,250,810ea9fd0beb6d0aebdb4b40fcb55b53c2d81104,2026-06-21T06:20:00Z,sha256:b8a1ccb173194342ffb9f37c41989274d3f51ff7499525480bed7ef5f0b82990
PARAM-044,MOD-012,FORM-012,refresh.session_apply_p95_ms,会话应用目标,刷新与性能,number,ms,700,700,700,,,,,200,3000,deterministic_config_lookup,EXTRACTED from EEI/data/parameter_catalog.csv:45; legacy validation=positive integer; live_preview=False; refresh=monitoring+acceptance,NOT_APPLICABLE: no empirical calibration evidence in current governance baseline,step=50; validation=positive integer,EEI/data/parameter_catalog.csv:45; EEI/scripts/validate_governance.py:108-121,EEI/config/thresholds/default-v2.json; EEI/config/model_runtime_defaults.yaml,EEI/scripts/validate_model_config.py; EEI/scripts/validate_governance.py,active,EXTRACTED,,default-v2@2,2026-06-20,csv_cell:EEI/data/parameter_catalog.csv::parameter_key=refresh.session_apply_p95_ms::default_value,700,810ea9fd0beb6d0aebdb4b40fcb55b53c2d81104,2026-06-21T06:20:00Z,sha256:ea040abe663578531a1fc689848521a5fb642b8ceaf08b6205401f11c998a57e
PARAM-045,MOD-012,FORM-012,refresh.small_scope_activate_p95_ms,小范围激活目标,刷新与性能,number,ms,5000,5000,5000,,,,,1000,30000,deterministic_config_lookup,EXTRACTED from EEI/data/parameter_catalog.csv:46; legacy validation=positive integer; live_preview=False; refresh=monitoring+acceptance,NOT_APPLICABLE: no empirical calibration evidence in current governance baseline,step=100; validation=positive integer,EEI/data/parameter_catalog.csv:46; EEI/scripts/validate_governance.py:108-121,EEI/config/thresholds/default-v2.json; EEI/config/model_runtime_defaults.yaml,EEI/scripts/validate_model_config.py; EEI/scripts/validate_governance.py,active,EXTRACTED,,default-v2@2,2026-06-20,csv_cell:EEI/data/parameter_catalog.csv::parameter_key=refresh.small_scope_activate_p95_ms::default_value,5000,810ea9fd0beb6d0aebdb4b40fcb55b53c2d81104,2026-06-21T06:20:00Z,sha256:b2a47986bf88ded3b8002b8f252a9db131a1c41ffcdab1bf8d0b341b1df99b7d
PARAM-046,MOD-012,FORM-012,refresh.sse_visible_p95_ms,推送可见目标,刷新与性能,number,ms,1500,1500,1500,,,,,250,5000,deterministic_config_lookup,EXTRACTED from EEI/data/parameter_catalog.csv:47; legacy validation=positive integer; live_preview=False; refresh=monitoring+acceptance,NOT_APPLICABLE: no empirical calibration evidence in current governance baseline,step=50; validation=positive integer,EEI/data/parameter_catalog.csv:47; EEI/scripts/validate_governance.py:108-121,EEI/config/thresholds/default-v2.json; EEI/config/model_runtime_defaults.yaml,EEI/scripts/validate_model_config.py; EEI/scripts/validate_governance.py,active,EXTRACTED,,default-v2@2,2026-06-20,csv_cell:EEI/data/parameter_catalog.csv::parameter_key=refresh.sse_visible_p95_ms::default_value,1500,810ea9fd0beb6d0aebdb4b40fcb55b53c2d81104,2026-06-21T06:20:00Z,sha256:2ce218f8b47d316e1965c9298c4fb687636c63e56e39175f842a9128850c65f8
PARAM-047,MOD-012,FORM-012,visual.home_visual_surface_ratio,首页视觉面积比,UI 门槛,number,ratio,0.9,0.9,0.9,,,,,0.7,0.98,deterministic_config_lookup,EXTRACTED from EEI/data/parameter_catalog.csv:48; legacy validation=schema range; live_preview=False; refresh=acceptance,NOT_APPLICABLE: no empirical calibration evidence in current governance baseline,step=0.01; validation=schema range,EEI/data/parameter_catalog.csv:48; EEI/scripts/validate_governance.py:108-121,EEI/config/thresholds/default-v2.json; EEI/config/model_runtime_defaults.yaml,EEI/scripts/validate_model_config.py; EEI/scripts/validate_governance.py,active,EXTRACTED,,default-v2@2,2026-06-20,csv_cell:EEI/data/parameter_catalog.csv::parameter_key=visual.home_visual_surface_ratio::default_value,0.9,810ea9fd0beb6d0aebdb4b40fcb55b53c2d81104,2026-06-21T06:20:00Z,sha256:955b0bbe943f1d227687497237940dacae3a68663a7bc6bc637de45c2a6dd06b
PARAM-048,MOD-012,FORM-012,visual.system_visual_first_coverage,系统视觉优先覆盖,UI 门槛,number,ratio,0.8,0.8,0.8,,,,,0.6,1.0,deterministic_config_lookup,EXTRACTED from EEI/data/parameter_catalog.csv:49; legacy validation=schema range; live_preview=False; refresh=acceptance,NOT_APPLICABLE: no empirical calibration evidence in current governance baseline,step=0.01; validation=schema range,EEI/data/parameter_catalog.csv:49; EEI/scripts/validate_governance.py:108-121,EEI/config/thresholds/default-v2.json; EEI/config/model_runtime_defaults.yaml,EEI/scripts/validate_model_config.py; EEI/scripts/validate_governance.py,active,EXTRACTED,,default-v2@2,2026-06-20,csv_cell:EEI/data/parameter_catalog.csv::parameter_key=visual.system_visual_first_coverage::default_value,0.8,810ea9fd0beb6d0aebdb4b40fcb55b53c2d81104,2026-06-21T06:20:00Z,sha256:05757d8930cb5def0dad5fe4ea9eeeb0ca85de9fd3e6821e3f90ce9a0797feaa
PARAM-049,MOD-012,FORM-012,visual.home_text_max_lines,首页说明最大行数,UI 门槛,number,lines,3,3,3,,,,,1,8,deterministic_config_lookup,EXTRACTED from EEI/data/parameter_catalog.csv:50; legacy validation=schema range; live_preview=False; refresh=acceptance,NOT_APPLICABLE: no empirical calibration evidence in current governance baseline,step=1; validation=schema range,EEI/data/parameter_catalog.csv:50; EEI/scripts/validate_governance.py:108-121,EEI/config/thresholds/default-v2.json; EEI/config/model_runtime_defaults.yaml,EEI/scripts/validate_model_config.py; EEI/scripts/validate_governance.py,active,EXTRACTED,,default-v2@2,2026-06-20,csv_cell:EEI/data/parameter_catalog.csv::parameter_key=visual.home_text_max_lines::default_value,3,810ea9fd0beb6d0aebdb4b40fcb55b53c2d81104,2026-06-21T06:20:00Z,sha256:0092e5255100b2be9e2003d4d35a6e306e0c1a132e7c864ee7247a3fb791d57c
PARAM-050,MOD-012,FORM-012,visual.primary_pointer_target_px,主要点击目标,UI 门槛,number,px,40,40,40,,,,,32,64,deterministic_config_lookup,EXTRACTED from EEI/data/parameter_catalog.csv:51; legacy validation=schema range; live_preview=False; refresh=acceptance,NOT_APPLICABLE: no empirical calibration evidence in current governance baseline,step=1; validation=schema range,EEI/data/parameter_catalog.csv:51; EEI/scripts/validate_governance.py:108-121,EEI/config/thresholds/default-v2.json; EEI/config/model_runtime_defaults.yaml,EEI/scripts/validate_model_config.py; EEI/scripts/validate_governance.py,active,EXTRACTED,,default-v2@2,2026-06-20,csv_cell:EEI/data/parameter_catalog.csv::parameter_key=visual.primary_pointer_target_px::default_value,40,810ea9fd0beb6d0aebdb4b40fcb55b53c2d81104,2026-06-21T06:20:00Z,sha256:e0ad99fd27053f52b5b6703d75b68eaa5958af3cc6621c6afefdbecca474c4eb
PARAM-051,MOD-012,FORM-012,visual.minimum_pointer_target_px,最小点击目标,UI 门槛,number,px,24,24,24,,,,,24,44,deterministic_config_lookup,EXTRACTED from EEI/data/parameter_catalog.csv:52; legacy validation=schema range; live_preview=False; refresh=acceptance,NOT_APPLICABLE: no empirical calibration evidence in current governance baseline,step=1; validation=schema range,EEI/data/parameter_catalog.csv:52; EEI/scripts/validate_governance.py:108-121,EEI/config/thresholds/default-v2.json; EEI/config/model_runtime_defaults.yaml,EEI/scripts/validate_model_config.py; EEI/scripts/validate_governance.py,active,EXTRACTED,,default-v2@2,2026-06-20,csv_cell:EEI/data/parameter_catalog.csv::parameter_key=visual.minimum_pointer_target_px::default_value,24,810ea9fd0beb6d0aebdb4b40fcb55b53c2d81104,2026-06-21T06:20:00Z,sha256:29c9f3b27fb9d11667d83835d74deaeab08054acf53a9b3474d379884e905ede
PARAM-052,MOD-012,FORM-012,motion.instant,即时反馈,动画参数,number,ms,80,80,UNKNOWN (TASK-T1206: motion runtime activation source not separately evidenced),,,,,40,160,deterministic_config_lookup,EXTRACTED from EEI/data/parameter_catalog.csv:53; legacy validation=schema range; live_preview=True; refresh=all_visuals,NOT_APPLICABLE: no empirical calibration evidence in current governance baseline,step=10; validation=schema range,EEI/data/parameter_catalog.csv:53; EEI/scripts/validate_governance.py:108-121,EEI/config/model_runtime_defaults.yaml,EEI/scripts/validate_model_config.py; EEI/scripts/validate_governance.py,active,UNKNOWN,TASK-T1206|GOV-SEMANTIC-EEI-001,runtime-template@14,2026-06-20,UNKNOWN (GOV-SEMANTIC-EEI-001: active runtime source blocked by unresolved EEI motion activation evidence),UNKNOWN (GOV-SEMANTIC-EEI-001),,,
PARAM-053,MOD-012,FORM-012,motion.local,局部过渡,动画参数,number,ms,160,160,UNKNOWN (TASK-T1206: motion runtime activation source not separately evidenced),,,,,80,240,deterministic_config_lookup,EXTRACTED from EEI/data/parameter_catalog.csv:54; legacy validation=schema range; live_preview=True; refresh=all_visuals,NOT_APPLICABLE: no empirical calibration evidence in current governance baseline,step=10; validation=schema range,EEI/data/parameter_catalog.csv:54; EEI/scripts/validate_governance.py:108-121,EEI/config/model_runtime_defaults.yaml,EEI/scripts/validate_model_config.py; EEI/scripts/validate_governance.py,active,UNKNOWN,TASK-T1206|GOV-SEMANTIC-EEI-001,runtime-template@14,2026-06-20,UNKNOWN (GOV-SEMANTIC-EEI-001: active runtime source blocked by unresolved EEI motion activation evidence),UNKNOWN (GOV-SEMANTIC-EEI-001),,,
PARAM-054,MOD-012,FORM-012,motion.panel,面板过渡,动画参数,number,ms,220,220,UNKNOWN (TASK-T1206: motion runtime activation source not separately evidenced),,,,,120,360,deterministic_config_lookup,EXTRACTED from EEI/data/parameter_catalog.csv:55; legacy validation=schema range; live_preview=True; refresh=all_visuals,NOT_APPLICABLE: no empirical calibration evidence in current governance baseline,step=10; validation=schema range,EEI/data/parameter_catalog.csv:55; EEI/scripts/validate_governance.py:108-121,EEI/config/model_runtime_defaults.yaml,EEI/scripts/validate_model_config.py; EEI/scripts/validate_governance.py,active,UNKNOWN,TASK-T1206|GOV-SEMANTIC-EEI-001,runtime-template@14,2026-06-20,UNKNOWN (GOV-SEMANTIC-EEI-001: active runtime source blocked by unresolved EEI motion activation evidence),UNKNOWN (GOV-SEMANTIC-EEI-001),,,
PARAM-055,MOD-012,FORM-012,motion.data_update,数据更新过渡,动画参数,number,ms,280,280,UNKNOWN (TASK-T1206: motion runtime activation source not separately evidenced),,,,,160,420,deterministic_config_lookup,EXTRACTED from EEI/data/parameter_catalog.csv:56; legacy validation=schema range; live_preview=True; refresh=all_visuals,NOT_APPLICABLE: no empirical calibration evidence in current governance baseline,step=10; validation=schema range,EEI/data/parameter_catalog.csv:56; EEI/scripts/validate_governance.py:108-121,EEI/config/model_runtime_defaults.yaml,EEI/scripts/validate_model_config.py; EEI/scripts/validate_governance.py,active,UNKNOWN,TASK-T1206|GOV-SEMANTIC-EEI-001,runtime-template@14,2026-06-20,UNKNOWN (GOV-SEMANTIC-EEI-001: active runtime source blocked by unresolved EEI motion activation evidence),UNKNOWN (GOV-SEMANTIC-EEI-001),,,
PARAM-056,MOD-012,FORM-012,motion.lens_change,镜头切换,动画参数,number,ms,320,320,UNKNOWN (TASK-T1206: motion runtime activation source not separately evidenced),,,,,180,480,deterministic_config_lookup,EXTRACTED from EEI/data/parameter_catalog.csv:57; legacy validation=schema range; live_preview=True; refresh=all_visuals,NOT_APPLICABLE: no empirical calibration evidence in current governance baseline,step=10; validation=schema range,EEI/data/parameter_catalog.csv:57; EEI/scripts/validate_governance.py:108-121,EEI/config/model_runtime_defaults.yaml,EEI/scripts/validate_model_config.py; EEI/scripts/validate_governance.py,active,UNKNOWN,TASK-T1206|GOV-SEMANTIC-EEI-001,runtime-template@14,2026-06-20,UNKNOWN (GOV-SEMANTIC-EEI-001: active runtime source blocked by unresolved EEI motion activation evidence),UNKNOWN (GOV-SEMANTIC-EEI-001),,,
PARAM-057,MOD-012,FORM-012,motion.reroot,主体切换,动画参数,number,ms,380,380,UNKNOWN (TASK-T1206: motion runtime activation source not separately evidenced),,,,,220,520,deterministic_config_lookup,EXTRACTED from EEI/data/parameter_catalog.csv:58; legacy validation=schema range; live_preview=True; refresh=all_visuals,NOT_APPLICABLE: no empirical calibration evidence in current governance baseline,step=10; validation=schema range,EEI/data/parameter_catalog.csv:58; EEI/scripts/validate_governance.py:108-121,EEI/config/model_runtime_defaults.yaml,EEI/scripts/validate_model_config.py; EEI/scripts/validate_governance.py,active,UNKNOWN,TASK-T1206|GOV-SEMANTIC-EEI-001,runtime-template@14,2026-06-20,UNKNOWN (GOV-SEMANTIC-EEI-001: active runtime source blocked by unresolved EEI motion activation evidence),UNKNOWN (GOV-SEMANTIC-EEI-001),,,
PARAM-058,MOD-012,FORM-012,motion.full_relayout_max,全布局最大时长,动画参数,number,ms,480,480,UNKNOWN (TASK-T1206: motion runtime activation source not separately evidenced),,,,,260,700,deterministic_config_lookup,EXTRACTED from EEI/data/parameter_catalog.csv:59; legacy validation=schema range; live_preview=True; refresh=all_visuals,NOT_APPLICABLE: no empirical calibration evidence in current governance baseline,step=10; validation=schema range,EEI/data/parameter_catalog.csv:59; EEI/scripts/validate_governance.py:108-121,EEI/config/model_runtime_defaults.yaml,EEI/scripts/validate_model_config.py; EEI/scripts/validate_governance.py,active,UNKNOWN,TASK-T1206|GOV-SEMANTIC-EEI-001,runtime-template@14,2026-06-20,UNKNOWN (GOV-SEMANTIC-EEI-001: active runtime source blocked by unresolved EEI motion activation evidence),UNKNOWN (GOV-SEMANTIC-EEI-001),,,
PARAM-059,MOD-012,FORM-012,calibration.cadence_days,校准周期,治理,number,days,14,14,14,,,,,14,14,deterministic_config_lookup,EXTRACTED from EEI/data/parameter_catalog.csv:60; legacy validation=const 14; live_preview=False; refresh=scheduler,EXTRACTED: calibration cadence 14 days with auto_activate=false,step=0; validation=const 14,EEI/data/parameter_catalog.csv:60; EEI/scripts/validate_governance.py:108-121,EEI/config/thresholds/default-v2.json; EEI/config/model_runtime_defaults.yaml,EEI/scripts/validate_model_config.py; EEI/scripts/validate_governance.py,active,EXTRACTED,,default-v2@2,2026-06-20,csv_cell:EEI/data/parameter_catalog.csv::parameter_key=calibration.cadence_days::default_value,14,810ea9fd0beb6d0aebdb4b40fcb55b53c2d81104,2026-06-21T06:20:00Z,sha256:3c525e3d02ed1369cfca262526d0fbab8b9bb04f8be65f42bbcc434f14f46097
PARAM-060,MOD-012,FORM-012,calibration.auto_activate,校准建议自动激活,治理,boolean,boolean,False,False,False,,,,,False,False,deterministic_config_lookup,EXTRACTED from EEI/data/parameter_catalog.csv:61; legacy validation=must be false; live_preview=False; refresh=calibration,EXTRACTED: calibration cadence 14 days with auto_activate=false,step=0; validation=must be false,EEI/data/parameter_catalog.csv:61; EEI/scripts/validate_governance.py:108-121,EEI/config/thresholds/default-v2.json; EEI/config/model_runtime_defaults.yaml,EEI/scripts/validate_model_config.py; EEI/scripts/validate_governance.py,active,EXTRACTED,,default-v2@2,2026-06-20,csv_cell:EEI/data/parameter_catalog.csv::parameter_key=calibration.auto_activate::default_value,False,810ea9fd0beb6d0aebdb4b40fcb55b53c2d81104,2026-06-21T06:20:00Z,sha256:52d5584ec5cdd25eb031433cbf801cf957a0acbe3f16c0f2a6dec74b98b9f7c4
PARAM-061,MOD-012,FORM-012,soak.operator_window_seconds,Operator soak 窗口时长,Soak 测试,number,seconds,300,300,300,,,,,30,1800,deterministic_config_lookup,EXTRACTED from EEI/data/parameter_catalog.csv:79; legacy validation=schema range; live_preview=False; refresh=soak,EXTRACTED: T1307 operator runner windows checkpoint long-duration soak into bounded child harness runs; 4h evidence exists and 24h evidence remains required as a background evidence task while A202 CI repairs continue,step=30; validation=schema range,EEI/data/parameter_catalog.csv:79; EEI/scripts/run_operator_soak.mjs; EEI/scripts/validate_v5_production_readiness_sync.py; EEI/scripts/validate_operator_soak_evidence.py,EEI/scripts/run_operator_soak.mjs; EEI/Makefile; EEI/artifacts/tests/a209/t1307_operator_soak_4h.json,EEI/scripts/run_operator_soak.mjs; EEI/artifacts/tests/a209/t1307_operator_soak_readiness.json; EEI/artifacts/tests/a209/t1307_operator_soak_4h.json; EEI/artifacts/tests/a209/t1307_operator_soak_evidence_validation.json; EEI/scripts/validate_v5_production_readiness_sync.py,active,EXTRACTED,,operator-soak@1,2026-06-22,csv_cell:EEI/data/parameter_catalog.csv::parameter_key=soak.operator_window_seconds::default_value,300,810ea9fd0beb6d0aebdb4b40fcb55b53c2d81104,2026-06-21T06:20:00Z,sha256:6cd2104fa68659d9cb8f90968fc4cd816030adede3c5f58dea6a55e778db68c3
PARAM-062,MOD-012,FORM-012,a202.review_packet_required_gate_count,A202 审查包必需门禁数,证据与清权门禁,number,count,7,7,7,,,,,7,7,deterministic_config_lookup,"EXTRACTED from EEI/scripts/validate_a202_operator_review_packet.py REQUIRED_GATE_IDS; A202 cannot close without all listed gates; A206 gate is present while source-license, passage-level, owner, legal and A209 gates remain blocking.",NOT_APPLICABLE: governance contract gate count,step=0; validation=const 7,EEI/scripts/validate_a202_operator_review_packet.py,EEI/artifacts/tests/a202/t1301_operator_review_packet_contract.json; EEI/artifacts/tests/a206/t1304_scheduler_retry_dead_letter_contract.json,EEI/tests/unit/test_official_source_live_capture.py; EEI/scripts/validate_a202_operator_review_packet.py; EEI/scripts/validate_v5_production_readiness_sync.py,active,EXTRACTED,,operator-review-packet@1,2026-06-22,python_ast_tuple_len:EEI/scripts/validate_a202_operator_review_packet.py::REQUIRED_GATE_IDS,7,f3fdd64980ee27ff08fe10c44e2ae3a8dcbc7762,2026-06-22T06:51:10Z,sha256:63936ebcebb602a9f495dcfd5e1c28a8df35737fff024d7133f74c0d2d154bde
PARAM-063,MOD-012,FORM-012,release_decision_bundle.contract_schema_version,A202/A210 签核合同版本,证据与清权门禁,string,schema_version,eei-a202-a210-release-decision-bundle-contract-v1,eei-a202-a210-release-decision-bundle-contract-v1,eei-a202-a210-release-decision-bundle-contract-v1,,,,,,,deterministic_config_lookup,EXTRACTED from EEI/scripts/validate_release_decision_bundle.py CONTRACT_SCHEMA_VERSION; signed decision completion remains separate from release_ready until A209 and release-manager activation are satisfied.,NOT_APPLICABLE: governance contract schema version,validation=const schema version,EEI/scripts/validate_release_decision_bundle.py,EEI/tests/fixtures/release_decision_bundle/a202_a210_release_decision_bundle_template.json; EEI/artifacts/tests/a202/t1301_a202_a210_release_decision_bundle_contract.json,EEI/tests/unit/test_release_decision_bundle.py; EEI/scripts/validate_release_decision_bundle.py; EEI/scripts/validate_v5_production_readiness_sync.py,active,EXTRACTED,,release-decision-bundle@1,2026-06-22,python_ast_assignment:EEI/scripts/validate_release_decision_bundle.py::CONTRACT_SCHEMA_VERSION,eei-a202-a210-release-decision-bundle-contract-v1,19206c1976dd19ffe2f5027dc7a0a1f5d8ed8698,2026-06-22T09:15:00Z,sha256:c0d3bbc4dd8a14a6e928770c657883bec5a2df326e60518a1d1e0f3e5be05dd8
